2026/04/02 19:25:46 logger.go:29: INFO: CUSTOM THEME DISABLED
2026/04/02 19:32:29 logger.go:29: INFO: CUSTOM THEME DISABLED
2026/04/02 19:32:33 logger.go:29: INFO: CUSTOM THEME DISABLED
2026/04/02 19:32:33 logger.go:29: INFO: Killing pid 21472, cmd clipse
2026/04/02 19:32:34 logger.go:29: INFO: CUSTOM THEME DISABLED
2026/04/02 19:32:34 logger.go:29: INFO: Killing pid 21937, cmd clipse
2026/04/02 19:34:59 logger.go:29: INFO: CUSTOM THEME DISABLED
2026/04/02 19:37:00 logger.go:29: INFO: CUSTOM THEME DISABLED
2026/04/02 19:37:03 logger.go:29: INFO: CUSTOM THEME DISABLED
2026/04/02 19:37:37 logger.go:29: INFO: CUSTOM THEME DISABLED
2026/04/02 19:37:42 logger.go:29: INFO: CUSTOM THEME DISABLED
2026/04/02 19:38:02 logger.go:29: INFO: CUSTOM THEME DISABLED
2026/04/02 19:38:02 logger.go:29: INFO: CUSTOM THEME DISABLED
2026/04/02 19:38:05 logger.go:29: INFO: CUSTOM THEME DISABLED
2026/04/02 19:38:05 logger.go:29: INFO: CUSTOM THEME DISABLED
2026/04/02 19:38:06 logger.go:29: INFO: CUSTOM THEME DISABLED
2026/04/02 19:38:15 logger.go:29: INFO: CUSTOM THEME DISABLED
2026/04/02 19:38:15 logger.go:29: INFO: CUSTOM THEME DISABLED
2026/04/02 19:38:25 logger.go:29: INFO: CUSTOM THEME DISABLED
2026/04/02 19:38:34 logger.go:29: INFO: CUSTOM THEME DISABLED
2026/04/02 19:38:35 logger.go:29: INFO: CUSTOM THEME DISABLED
2026/04/02 19:40:05 logger.go:29: INFO: CUSTOM THEME DISABLED
2026/04/02 19:40:05 logger.go:29: INFO: CUSTOM THEME DISABLED
2026/04/02 19:40:07 logger.go:29: INFO: CUSTOM THEME DISABLED
2026/04/02 19:40:14 logger.go:29: INFO: CUSTOM THEME DISABLED
2026/04/02 19:42:10 logger.go:29: INFO: CUSTOM THEME DISABLED
2026/04/02 19:43:16 logger.go:29: INFO: CUSTOM THEME DISABLED
2026/04/02 19:43:17 logger.go:29: INFO: CUSTOM THEME DISABLED
2026/04/02 19:43:17 logger.go:29: INFO: CUSTOM THEME DISABLED
2026/04/02 19:43:25 logger.go:29: INFO: CUSTOM THEME DISABLED
2026/04/02 19:43:57 logger.go:29: INFO: CUSTOM THEME DISABLED
2026/04/02 19:43:59 logger.go:29: INFO: CUSTOM THEME DISABLED
2026/04/02 19:44:03 logger.go:29: INFO: CUSTOM THEME DISABLED
2026/04/02 19:44:03 logger.go:29: INFO: CUSTOM THEME DISABLED
2026/04/02 19:44:04 logger.go:29: INFO: CUSTOM THEME DISABLED
2026/04/02 19:45:07 logger.go:29: INFO: CUSTOM THEME DISABLED
2026/04/02 19:45:10 logger.go:29: INFO: CUSTOM THEME DISABLED
2026/04/02 19:45:10 logger.go:29: INFO: CUSTOM THEME DISABLED
2026/04/02 19:45:10 logger.go:29: INFO: CUSTOM THEME DISABLED
2026/04/02 19:45:12 logger.go:29: INFO: CUSTOM THEME DISABLED
2026/04/02 19:49:06 logger.go:29: INFO: CUSTOM THEME DISABLED
2026/04/02 19:50:44 logger.go:29: INFO: CUSTOM THEME DISABLED
2026/04/02 19:51:24 logger.go:29: INFO: CUSTOM THEME DISABLED
2026/04/02 19:51:24 logger.go:29: INFO: CUSTOM THEME DISABLED
2026/04/02 19:52:52 logger.go:29: INFO: CUSTOM THEME DISABLED
2026/04/02 19:52:52 logger.go:29: INFO: CUSTOM THEME DISABLED
2026/04/02 20:03:58 logger.go:29: INFO: CUSTOM THEME DISABLED
2026/04/02 20:04:04 logger.go:29: INFO: CUSTOM THEME DISABLED
2026/04/02 20:06:20 logger.go:29: INFO: CUSTOM THEME DISABLED
2026/04/02 20:06:34 logger.go:29: INFO: CUSTOM THEME DISABLED
2026/04/02 20:06:45 logger.go:29: INFO: CUSTOM THEME DISABLED
2026/04/02 20:11:46 logger.go:29: INFO: CUSTOM THEME DISABLED
2026/04/02 20:13:35 logger.go:29: INFO: CUSTOM THEME DISABLED
2026/04/02 20:14:46 logger.go:29: INFO: CUSTOM THEME DISABLED
2026/04/02 20:15:49 logger.go:29: INFO: CUSTOM THEME DISABLED
2026/04/02 20:16:54 logger.go:29: INFO: CUSTOM THEME DISABLED
2026/04/02 20:16:54 logger.go:29: INFO: CUSTOM THEME DISABLED
2026/04/02 20:17:09 logger.go:29: INFO: CUSTOM THEME DISABLED
2026/04/02 20:17:31 logger.go:29: INFO: CUSTOM THEME DISABLED
2026/04/02 20:17:33 logger.go:29: INFO: CUSTOM THEME DISABLED
2026/04/02 20:18:19 logger.go:29: INFO: CUSTOM THEME DISABLED
2026/04/02 20:18:54 logger.go:29: INFO: CUSTOM THEME DISABLED
2026/04/02 20:18:58 logger.go:29: INFO: CUSTOM THEME DISABLED
2026/04/02 20:29:54 logger.go:29: INFO: CUSTOM THEME DISABLED
2026/04/02 20:30:16 logger.go:29: INFO: CUSTOM THEME DISABLED
2026/04/02 20:47:33 logger.go:29: INFO: CUSTOM THEME DISABLED
2026/04/02 20:48:55 logger.go:29: INFO: CUSTOM THEME DISABLED
2026/04/02 20:51:57 logger.go:29: INFO: CUSTOM THEME DISABLED
2026/04/02 20:52:05 logger.go:29: INFO: CUSTOM THEME DISABLED
2026/04/02 20:52:32 logger.go:29: INFO: CUSTOM THEME DISABLED
2026/04/02 20:52:51 logger.go:29: INFO: CUSTOM THEME DISABLED
2026/04/02 21:00:14 logger.go:29: INFO: CUSTOM THEME DISABLED
2026/04/02 21:09:30 logger.go:29: INFO: CUSTOM THEME DISABLED
2026/04/02 21:25:05 logger.go:29: INFO: CUSTOM THEME DISABLED
2026/04/02 21:28:16 logger.go:29: INFO: CUSTOM THEME DISABLED
2026/04/02 21:28:27 logger.go:29: INFO: CUSTOM THEME DISABLED
2026/04/02 21:29:39 logger.go:29: INFO: CUSTOM THEME DISABLED
2026/04/02 21:29:40 logger.go:29: INFO: CUSTOM THEME DISABLED
2026/04/02 21:31:08 logger.go:29: INFO: CUSTOM THEME DISABLED
2026/04/02 21:31:32 logger.go:29: INFO: CUSTOM THEME DISABLED
2026/04/02 21:39:21 logger.go:29: INFO: CUSTOM THEME DISABLED
2026/04/02 21:39:32 logger.go:29: INFO: CUSTOM THEME DISABLED
2026/04/02 21:40:10 logger.go:29: INFO: CUSTOM THEME DISABLED
2026/04/02 21:45:29 logger.go:29: INFO: CUSTOM THEME DISABLED
2026/04/02 21:46:34 logger.go:29: INFO: CUSTOM THEME DISABLED
2026/04/02 21:57:11 logger.go:29: INFO: CUSTOM THEME DISABLED
2026/04/02 21:57:57 logger.go:29: INFO: CUSTOM THEME DISABLED
2026/04/02 22:01:59 logger.go:29: INFO: CUSTOM THEME DISABLED
2026/04/02 22:01:59 logger.go:29: INFO: CUSTOM THEME DISABLED
2026/04/02 22:14:25 logger.go:29: INFO: CUSTOM THEME DISABLED
2026/04/02 22:14:25 logger.go:29: INFO: CUSTOM THEME DISABLED
2026/04/02 22:15:19 logger.go:29: INFO: CUSTOM THEME DISABLED
2026/04/02 22:15:19 logger.go:29: INFO: CUSTOM THEME DISABLED
2026/04/02 22:16:01 logger.go:29: INFO: CUSTOM THEME DISABLED
2026/04/02 22:16:50 logger.go:29: INFO: CUSTOM THEME DISABLED
2026/04/02 22:16:50 logger.go:29: INFO: CUSTOM THEME DISABLED
2026/04/02 22:17:36 logger.go:29: INFO: CUSTOM THEME DISABLED
2026/04/02 22:17:36 logger.go:29: INFO: CUSTOM THEME DISABLED
2026/04/02 22:17:50 logger.go:29: INFO: CUSTOM THEME DISABLED
2026/04/02 22:17:59 logger.go:29: INFO: CUSTOM THEME DISABLED
2026/04/02 22:17:59 logger.go:29: INFO: CUSTOM THEME DISABLED
2026/04/02 22:19:19 logger.go:29: INFO: CUSTOM THEME DISABLED
2026/04/02 22:19:19 logger.go:29: INFO: CUSTOM THEME DISABLED
2026/04/02 22:19:33 logger.go:29: INFO: CUSTOM THEME DISABLED
2026/04/02 22:19:33 logger.go:29: INFO: CUSTOM THEME DISABLED
2026/04/02 22:24:58 logger.go:29: INFO: CUSTOM THEME DISABLED
2026/04/02 22:24:58 logger.go:29: INFO: CUSTOM THEME DISABLED
2026/04/02 22:32:44 logger.go:29: INFO: CUSTOM THEME DISABLED
2026/04/02 22:32:57 logger.go:29: INFO: CUSTOM THEME DISABLED
2026/04/02 22:36:27 logger.go:29: INFO: CUSTOM THEME DISABLED
2026/04/02 22:36:27 logger.go:29: INFO: CUSTOM THEME DISABLED
2026/04/02 22:44:20 logger.go:29: INFO: CUSTOM THEME DISABLED
2026/04/02 22:53:32 logger.go:29: INFO: CUSTOM THEME DISABLED
2026/04/02 22:53:34 logger.go:29: INFO: CUSTOM THEME DISABLED
2026/04/02 23:33:58 logger.go:29: INFO: CUSTOM THEME DISABLED
2026/04/02 23:33:58 logger.go:29: INFO: CUSTOM THEME DISABLED
2026/04/02 23:34:58 logger.go:29: INFO: CUSTOM THEME DISABLED
2026/04/02 23:34:58 logger.go:29: INFO: CUSTOM THEME DISABLED
2026/04/02 23:39:51 logger.go:29: INFO: CUSTOM THEME DISABLED
2026/04/02 23:39:51 logger.go:29: INFO: CUSTOM THEME DISABLED
2026/04/03 00:32:23 logger.go:29: INFO: CUSTOM THEME DISABLED
2026/04/03 00:32:23 logger.go:29: INFO: CUSTOM THEME DISABLED
2026/04/03 00:34:55 logger.go:29: INFO: CUSTOM THEME DISABLED
2026/04/03 00:34:55 logger.go:29: INFO: CUSTOM THEME DISABLED
2026/04/03 00:35:22 logger.go:29: INFO: CUSTOM THEME DISABLED
2026/04/03 00:48:37 logger.go:29: INFO: CUSTOM THEME DISABLED
2026/04/03 00:55:05 logger.go:29: INFO: CUSTOM THEME DISABLED
2026/04/03 00:58:17 logger.go:29: INFO: CUSTOM THEME DISABLED
2026/04/03 01:01:29 logger.go:29: INFO: CUSTOM THEME DISABLED
2026/04/03 01:01:46 logger.go:29: INFO: CUSTOM THEME DISABLED
2026/04/03 01:02:45 logger.go:29: INFO: CUSTOM THEME DISABLED
2026/04/03 01:04:25 logger.go:29: INFO: CUSTOM THEME DISABLED
2026/04/03 01:05:50 logger.go:29: INFO: CUSTOM THEME DISABLED
2026/04/03 01:06:08 logger.go:29: INFO: CUSTOM THEME DISABLED
2026/04/03 01:06:45 logger.go:29: INFO: CUSTOM THEME DISABLED
2026/04/03 01:07:06 logger.go:29: INFO: CUSTOM THEME DISABLED
2026/04/03 01:07:17 logger.go:29: INFO: CUSTOM THEME DISABLED
2026/04/03 01:07:22 logger.go:29: INFO: CUSTOM THEME DISABLED
2026/04/03 01:08:12 logger.go:29: INFO: CUSTOM THEME DISABLED
2026/04/03 01:08:17 logger.go:29: INFO: CUSTOM THEME DISABLED
2026/04/03 01:08:31 logger.go:29: INFO: CUSTOM THEME DISABLED
2026/04/03 01:08:38 logger.go:29: INFO: CUSTOM THEME DISABLED
2026/04/03 01:08:43 logger.go:29: INFO: CUSTOM THEME DISABLED
2026/04/03 01:09:33 logger.go:29: INFO: CUSTOM THEME DISABLED
2026/04/03 01:09:33 logger.go:29: INFO: CUSTOM THEME DISABLED
2026/04/03 01:09:48 logger.go:29: INFO: CUSTOM THEME DISABLED
2026/04/03 01:10:02 logger.go:29: INFO: CUSTOM THEME DISABLED
2026/04/03 01:10:09 logger.go:29: INFO: CUSTOM THEME DISABLED
2026/04/03 01:10:13 logger.go:29: INFO: CUSTOM THEME DISABLED
2026/04/03 01:10:13 logger.go:29: INFO: CUSTOM THEME DISABLED
2026/04/03 01:10:22 logger.go:29: INFO: CUSTOM THEME DISABLED
2026/04/03 01:10:50 logger.go:29: INFO: CUSTOM THEME DISABLED
2026/04/03 01:10:57 logger.go:29: INFO: CUSTOM THEME DISABLED
2026/04/03 01:11:09 logger.go:29: INFO: CUSTOM THEME DISABLED
2026/04/03 01:11:16 logger.go:29: INFO: CUSTOM THEME DISABLED
2026/04/03 01:11:16 logger.go:29: INFO: CUSTOM THEME DISABLED
2026/04/03 01:11:22 logger.go:29: INFO: CUSTOM THEME DISABLED
2026/04/03 01:12:01 logger.go:29: INFO: CUSTOM THEME DISABLED
2026/04/03 01:13:10 logger.go:29: INFO: CUSTOM THEME DISABLED
2026/04/03 01:13:37 logger.go:29: INFO: CUSTOM THEME DISABLED
2026/04/03 01:13:51 logger.go:29: INFO: CUSTOM THEME DISABLED
2026/04/03 01:14:01 logger.go:29: INFO: CUSTOM THEME DISABLED
2026/04/03 01:14:11 logger.go:29: INFO: CUSTOM THEME DISABLED
2026/04/03 01:15:37 logger.go:29: INFO: CUSTOM THEME DISABLED
2026/04/03 01:15:48 logger.go:29: INFO: CUSTOM THEME DISABLED
2026/04/03 01:15:55 logger.go:29: INFO: CUSTOM THEME DISABLED
2026/04/03 01:16:28 logger.go:29: INFO: CUSTOM THEME DISABLED
2026/04/03 01:16:55 logger.go:29: INFO: CUSTOM THEME DISABLED
2026/04/03 01:17:13 logger.go:29: INFO: CUSTOM THEME DISABLED
2026/04/03 01:18:46 logger.go:29: INFO: CUSTOM THEME DISABLED
2026/04/03 01:20:05 logger.go:29: INFO: CUSTOM THEME DISABLED
2026/04/03 01:20:56 logger.go:29: INFO: CUSTOM THEME DISABLED
2026/04/03 01:21:24 logger.go:29: INFO: CUSTOM THEME DISABLED
2026/04/03 01:21:30 logger.go:29: INFO: CUSTOM THEME DISABLED
2026/04/03 01:24:25 logger.go:29: INFO: CUSTOM THEME DISABLED
2026/04/03 01:24:32 logger.go:29: INFO: CUSTOM THEME DISABLED
2026/04/03 01:25:07 logger.go:29: INFO: CUSTOM THEME DISABLED
2026/04/03 01:30:44 logger.go:29: INFO: CUSTOM THEME DISABLED
2026/04/03 01:55:32 logger.go:29: INFO: CUSTOM THEME DISABLED
2026/04/03 01:55:32 logger.go:29: INFO: CUSTOM THEME DISABLED
2026/04/03 01:56:03 logger.go:29: INFO: CUSTOM THEME DISABLED
2026/04/03 01:56:03 logger.go:29: INFO: CUSTOM THEME DISABLED
2026/04/03 02:55:49 logger.go:29: INFO: CUSTOM THEME DISABLED
2026/04/03 02:55:49 logger.go:29: INFO: CUSTOM THEME DISABLED
2026/04/03 03:04:11 logger.go:29: INFO: CUSTOM THEME DISABLED
2026/04/03 03:04:25 logger.go:29: INFO: CUSTOM THEME DISABLED
2026/04/03 03:23:43 logger.go:29: INFO: CUSTOM THEME DISABLED
2026/04/03 03:32:36 logger.go:29: INFO: CUSTOM THEME DISABLED
2026/04/03 03:34:45 logger.go:29: INFO: CUSTOM THEME DISABLED
2026/04/03 03:36:39 logger.go:29: INFO: CUSTOM THEME DISABLED
2026/04/03 03:41:11 logger.go:29: INFO: CUSTOM THEME DISABLED
2026/04/03 03:41:31 logger.go:29: INFO: CUSTOM THEME DISABLED
2026/04/03 03:46:07 logger.go:29: INFO: CUSTOM THEME DISABLED
2026/04/03 03:46:07 logger.go:29: INFO: CUSTOM THEME DISABLED
2026/04/03 03:56:13 logger.go:29: INFO: CUSTOM THEME DISABLED
2026/04/03 04:08:08 logger.go:29: INFO: CUSTOM THEME DISABLED
2026/04/03 19:39:35 logger.go:29: INFO: CUSTOM THEME DISABLED
2026/04/03 19:39:35 logger.go:29: INFO: CUSTOM THEME DISABLED
2026/04/03 19:39:35 logger.go:29: INFO: CUSTOM THEME DISABLED
2026/04/03 19:39:35 logger.go:37: WARN: Failed to get active window on Wayland: no suitable tool found (Hyprctl, Wlrctl)
2026/04/03 19:39:35 logger.go:37: WARN: Failed to get active window on Wayland: no suitable tool found (Hyprctl, Wlrctl)
2026/04/03 19:57:04 logger.go:29: INFO: CUSTOM THEME DISABLED
2026/04/03 19:57:09 logger.go:29: INFO: CUSTOM THEME DISABLED
2026/04/03 19:58:01 logger.go:29: INFO: CUSTOM THEME DISABLED
2026/04/03 19:58:09 logger.go:29: INFO: CUSTOM THEME DISABLED
2026/04/03 20:21:28 logger.go:29: INFO: CUSTOM THEME DISABLED
2026/04/03 20:21:57 logger.go:29: INFO: CUSTOM THEME DISABLED
2026/04/03 20:22:02 logger.go:29: INFO: CUSTOM THEME DISABLED
2026/04/03 20:22:19 logger.go:29: INFO: CUSTOM THEME DISABLED
2026/04/03 20:22:41 logger.go:29: INFO: CUSTOM THEME DISABLED
2026/04/03 20:22:45 logger.go:29: INFO: CUSTOM THEME DISABLED
2026/04/03 20:47:01 logger.go:29: INFO: CUSTOM THEME DISABLED
2026/04/03 20:47:02 logger.go:29: INFO: CUSTOM THEME DISABLED
2026/04/03 20:47:03 logger.go:29: INFO: CUSTOM THEME DISABLED
2026/04/03 20:47:03 logger.go:29: INFO: CUSTOM THEME DISABLED
2026/04/03 21:10:25 logger.go:29: INFO: CUSTOM THEME DISABLED
2026/04/03 21:24:22 logger.go:29: INFO: CUSTOM THEME DISABLED
2026/04/03 21:40:55 logger.go:29: INFO: CUSTOM THEME DISABLED
2026/04/03 21:43:27 logger.go:29: INFO: CUSTOM THEME DISABLED
2026/04/03 21:45:18 logger.go:29: INFO: CUSTOM THEME DISABLED
2026/04/03 21:45:20 logger.go:29: INFO: CUSTOM THEME DISABLED
2026/04/03 21:45:22 logger.go:29: INFO: CUSTOM THEME DISABLED
2026/04/03 21:45:22 logger.go:29: INFO: CUSTOM THEME DISABLED
2026/04/03 21:45:23 logger.go:29: INFO: CUSTOM THEME DISABLED
2026/04/03 21:47:24 logger.go:29: INFO: CUSTOM THEME DISABLED
2026/04/03 22:24:21 logger.go:29: INFO: CUSTOM THEME DISABLED
2026/04/03 22:24:21 logger.go:29: INFO: CUSTOM THEME DISABLED
2026/04/03 22:25:07 logger.go:29: INFO: CUSTOM THEME DISABLED
2026/04/03 22:26:26 logger.go:29: INFO: CUSTOM THEME DISABLED
2026/04/03 22:26:48 logger.go:29: INFO: CUSTOM THEME DISABLED
2026/04/03 22:27:13 logger.go:29: INFO: CUSTOM THEME DISABLED
2026/04/03 22:27:37 logger.go:29: INFO: CUSTOM THEME DISABLED
2026/04/03 22:34:26 logger.go:29: INFO: CUSTOM THEME DISABLED
2026/04/03 22:34:28 logger.go:29: INFO: CUSTOM THEME DISABLED
2026/04/03 22:34:38 logger.go:29: INFO: CUSTOM THEME DISABLED
2026/04/03 22:34:50 logger.go:29: INFO: CUSTOM THEME DISABLED
2026/04/03 22:35:03 logger.go:29: INFO: CUSTOM THEME DISABLED
2026/04/03 22:35:23 logger.go:29: INFO: CUSTOM THEME DISABLED
2026/04/03 22:35:46 logger.go:29: INFO: CUSTOM THEME DISABLED
2026/04/03 22:38:03 logger.go:29: INFO: CUSTOM THEME DISABLED
2026/04/03 22:38:10 logger.go:29: INFO: CUSTOM THEME DISABLED
2026/04/03 22:38:24 logger.go:29: INFO: CUSTOM THEME DISABLED
2026/04/03 22:38:30 logger.go:29: INFO: CUSTOM THEME DISABLED
2026/04/03 22:51:53 logger.go:29: INFO: CUSTOM THEME DISABLED
2026/04/04 16:28:04 logger.go:29: INFO: CUSTOM THEME DISABLED
2026/04/04 16:28:04 logger.go:29: INFO: CUSTOM THEME DISABLED
2026/04/04 16:28:04 logger.go:29: INFO: CUSTOM THEME DISABLED
2026/04/04 16:28:04 logger.go:37: WARN: Failed to get active window on Wayland: no suitable tool found (Hyprctl, Wlrctl)
2026/04/04 16:28:04 logger.go:37: WARN: Failed to get active window on Wayland: no suitable tool found (Hyprctl, Wlrctl)
2026/04/04 16:31:54 logger.go:29: INFO: CUSTOM THEME DISABLED
2026/04/04 16:32:21 logger.go:29: INFO: CUSTOM THEME DISABLED
2026/04/04 16:32:27 logger.go:29: INFO: CUSTOM THEME DISABLED
2026/04/04 16:33:06 logger.go:29: INFO: CUSTOM THEME DISABLED
2026/04/04 16:33:41 logger.go:29: INFO: CUSTOM THEME DISABLED
2026/04/04 16:33:47 logger.go:29: INFO: CUSTOM THEME DISABLED
2026/04/04 16:33:56 logger.go:29: INFO: CUSTOM THEME DISABLED
2026/04/04 16:34:03 logger.go:29: INFO: CUSTOM THEME DISABLED
2026/04/04 16:34:09 logger.go:29: INFO: CUSTOM THEME DISABLED
2026/04/04 16:34:13 logger.go:29: INFO: CUSTOM THEME DISABLED
2026/04/04 16:34:38 logger.go:29: INFO: CUSTOM THEME DISABLED
2026/04/04 16:34:45 logger.go:29: INFO: CUSTOM THEME DISABLED
2026/04/04 16:35:11 logger.go:29: INFO: CUSTOM THEME DISABLED
2026/04/04 16:35:19 logger.go:29: INFO: CUSTOM THEME DISABLED
2026/04/04 16:38:58 logger.go:29: INFO: CUSTOM THEME DISABLED
2026/04/04 16:39:08 logger.go:29: INFO: CUSTOM THEME DISABLED
2026/04/04 16:39:27 logger.go:29: INFO: CUSTOM THEME DISABLED
2026/04/04 16:40:14 logger.go:29: INFO: CUSTOM THEME DISABLED
2026/04/04 16:42:07 logger.go:29: INFO: CUSTOM THEME DISABLED
2026/04/04 16:42:16 logger.go:29: INFO: CUSTOM THEME DISABLED
2026/04/04 16:42:25 logger.go:29: INFO: CUSTOM THEME DISABLED
2026/04/04 16:42:25 logger.go:29: INFO: Skipping clipboard content from excluded app: org.keepassxc.KeePassXC
2026/04/04 16:42:31 logger.go:29: INFO: CUSTOM THEME DISABLED
2026/04/04 16:44:33 logger.go:29: INFO: CUSTOM THEME DISABLED
2026/04/04 16:45:03 logger.go:29: INFO: CUSTOM THEME DISABLED
2026/04/04 16:47:04 logger.go:29: INFO: CUSTOM THEME DISABLED
2026/04/04 16:50:23 logger.go:29: INFO: CUSTOM THEME DISABLED
2026/04/04 16:50:27 logger.go:29: INFO: CUSTOM THEME DISABLED
2026/04/04 16:50:34 logger.go:29: INFO: CUSTOM THEME DISABLED
2026/04/04 16:50:41 logger.go:29: INFO: CUSTOM THEME DISABLED
2026/04/04 16:56:42 logger.go:29: INFO: CUSTOM THEME DISABLED
2026/04/04 16:58:21 logger.go:29: INFO: CUSTOM THEME DISABLED
2026/04/04 16:58:24 logger.go:29: INFO: CUSTOM THEME DISABLED
2026/04/04 16:58:42 logger.go:29: INFO: CUSTOM THEME DISABLED
2026/04/04 18:46:22 logger.go:29: INFO: CUSTOM THEME DISABLED
2026/04/04 18:46:37 logger.go:29: INFO: CUSTOM THEME DISABLED
2026/04/04 18:48:20 logger.go:29: INFO: CUSTOM THEME DISABLED
2026/04/04 18:48:25 logger.go:29: INFO: CUSTOM THEME DISABLED
2026/04/04 18:49:02 logger.go:29: INFO: CUSTOM THEME DISABLED
2026/04/04 18:49:34 logger.go:29: INFO: CUSTOM THEME DISABLED
2026/04/04 18:51:03 logger.go:29: INFO: CUSTOM THEME DISABLED
2026/04/04 18:51:46 logger.go:29: INFO: CUSTOM THEME DISABLED
2026/04/04 18:52:59 logger.go:29: INFO: CUSTOM THEME DISABLED
2026/04/04 18:53:11 logger.go:29: INFO: CUSTOM THEME DISABLED
2026/04/04 18:54:11 logger.go:29: INFO: CUSTOM THEME DISABLED
2026/04/04 18:58:22 logger.go:29: INFO: CUSTOM THEME DISABLED
2026/04/04 18:58:27 logger.go:29: INFO: CUSTOM THEME DISABLED
2026/04/04 18:58:32 logger.go:29: INFO: CUSTOM THEME DISABLED
2026/04/04 18:58:43 logger.go:29: INFO: CUSTOM THEME DISABLED
2026/04/04 18:59:07 logger.go:29: INFO: CUSTOM THEME DISABLED
2026/04/04 18:59:22 logger.go:29: INFO: CUSTOM THEME DISABLED
2026/04/04 18:59:58 logger.go:29: INFO: CUSTOM THEME DISABLED
2026/04/04 19:00:27 logger.go:29: INFO: CUSTOM THEME DISABLED
2026/04/04 19:02:40 logger.go:29: INFO: CUSTOM THEME DISABLED
2026/04/04 19:03:00 logger.go:29: INFO: CUSTOM THEME DISABLED
2026/04/04 19:03:04 logger.go:29: INFO: CUSTOM THEME DISABLED
2026/04/04 19:03:07 logger.go:29: INFO: CUSTOM THEME DISABLED
2026/04/04 19:04:26 logger.go:29: INFO: CUSTOM THEME DISABLED
2026/04/04 19:04:47 logger.go:29: INFO: CUSTOM THEME DISABLED
2026/04/04 19:05:03 logger.go:29: INFO: CUSTOM THEME DISABLED
2026/04/04 19:05:10 logger.go:29: INFO: CUSTOM THEME DISABLED
2026/04/04 19:05:22 logger.go:29: INFO: CUSTOM THEME DISABLED
2026/04/04 19:05:27 logger.go:29: INFO: CUSTOM THEME DISABLED
2026/04/04 19:05:34 logger.go:29: INFO: CUSTOM THEME DISABLED
2026/04/04 19:06:09 logger.go:29: INFO: CUSTOM THEME DISABLED
2026/04/04 19:06:31 logger.go:29: INFO: CUSTOM THEME DISABLED
2026/04/04 19:06:40 logger.go:29: INFO: CUSTOM THEME DISABLED
2026/04/04 19:06:44 logger.go:29: INFO: CUSTOM THEME DISABLED
2026/04/04 19:06:52 logger.go:29: INFO: CUSTOM THEME DISABLED
2026/04/04 19:06:52 logger.go:29: INFO: CUSTOM THEME DISABLED
2026/04/04 19:07:09 logger.go:29: INFO: CUSTOM THEME DISABLED
2026/04/04 19:07:44 logger.go:29: INFO: CUSTOM THEME DISABLED
2026/04/04 19:08:06 logger.go:29: INFO: CUSTOM THEME DISABLED
2026/04/04 19:08:22 logger.go:29: INFO: CUSTOM THEME DISABLED
2026/04/04 19:08:33 logger.go:29: INFO: CUSTOM THEME DISABLED
2026/04/04 19:08:40 logger.go:29: INFO: CUSTOM THEME DISABLED
2026/04/04 19:08:44 logger.go:29: INFO: CUSTOM THEME DISABLED
2026/04/04 19:08:54 logger.go:29: INFO: CUSTOM THEME DISABLED
2026/04/04 19:09:19 logger.go:29: INFO: CUSTOM THEME DISABLED
2026/04/04 19:09:36 logger.go:29: INFO: CUSTOM THEME DISABLED
2026/04/04 19:10:49 logger.go:29: INFO: CUSTOM THEME DISABLED
2026/04/04 19:18:16 logger.go:29: INFO: CUSTOM THEME DISABLED
2026/04/04 19:18:41 logger.go:29: INFO: CUSTOM THEME DISABLED
2026/04/04 19:18:50 logger.go:29: INFO: CUSTOM THEME DISABLED
2026/04/04 19:18:56 logger.go:29: INFO: CUSTOM THEME DISABLED
2026/04/04 19:19:02 logger.go:29: INFO: CUSTOM THEME DISABLED
2026/04/04 19:19:19 logger.go:29: INFO: CUSTOM THEME DISABLED
2026/04/04 19:19:25 logger.go:29: INFO: CUSTOM THEME DISABLED
2026/04/04 19:19:39 logger.go:29: INFO: CUSTOM THEME DISABLED
2026/04/04 19:21:49 logger.go:29: INFO: CUSTOM THEME DISABLED
2026/04/04 19:22:25 logger.go:29: INFO: CUSTOM THEME DISABLED
2026/04/04 19:29:03 logger.go:29: INFO: CUSTOM THEME DISABLED
2026/04/04 19:29:04 logger.go:29: INFO: CUSTOM THEME DISABLED
2026/04/04 19:29:05 logger.go:29: INFO: CUSTOM THEME DISABLED
2026/04/04 19:29:05 logger.go:29: INFO: CUSTOM THEME DISABLED
2026/04/04 19:29:06 logger.go:29: INFO: CUSTOM THEME DISABLED
2026/04/04 19:29:06 logger.go:29: INFO: CUSTOM THEME DISABLED
2026/04/04 19:29:06 logger.go:29: INFO: CUSTOM THEME DISABLED
2026/04/04 19:31:22 logger.go:29: INFO: CUSTOM THEME DISABLED
2026/04/04 19:31:39 logger.go:29: INFO: CUSTOM THEME DISABLED
2026/04/04 19:36:13 logger.go:29: INFO: CUSTOM THEME DISABLED
2026/04/04 19:39:22 logger.go:29: INFO: CUSTOM THEME DISABLED
2026/04/04 19:39:49 logger.go:29: INFO: CUSTOM THEME DISABLED
2026/04/04 19:54:59 logger.go:29: INFO: CUSTOM THEME DISABLED
2026/04/04 19:55:00 logger.go:29: INFO: CUSTOM THEME DISABLED
2026/04/04 19:55:01 logger.go:29: INFO: CUSTOM THEME DISABLED
2026/04/04 19:57:24 logger.go:29: INFO: CUSTOM THEME DISABLED
2026/04/04 19:57:52 logger.go:29: INFO: CUSTOM THEME DISABLED
2026/04/04 19:57:57 logger.go:29: INFO: CUSTOM THEME DISABLED
2026/04/04 19:58:39 logger.go:29: INFO: CUSTOM THEME DISABLED
2026/04/04 19:58:52 logger.go:29: INFO: CUSTOM THEME DISABLED
2026/04/04 19:59:14 logger.go:29: INFO: CUSTOM THEME DISABLED
2026/04/04 19:59:33 logger.go:29: INFO: CUSTOM THEME DISABLED
2026/04/04 20:00:05 logger.go:29: INFO: CUSTOM THEME DISABLED
2026/04/04 20:00:07 logger.go:29: INFO: CUSTOM THEME DISABLED
2026/04/04 20:00:38 logger.go:29: INFO: CUSTOM THEME DISABLED
2026/04/04 20:00:47 logger.go:29: INFO: CUSTOM THEME DISABLED
2026/04/04 20:02:32 logger.go:29: INFO: CUSTOM THEME DISABLED
2026/04/04 20:02:35 logger.go:29: INFO: CUSTOM THEME DISABLED
2026/04/04 20:03:04 logger.go:29: INFO: CUSTOM THEME DISABLED
2026/04/04 20:03:20 logger.go:29: INFO: CUSTOM THEME DISABLED
2026/04/04 20:03:36 logger.go:29: INFO: CUSTOM THEME DISABLED
2026/04/04 20:03:57 logger.go:29: INFO: CUSTOM THEME DISABLED
2026/04/04 20:04:15 logger.go:29: INFO: CUSTOM THEME DISABLED
2026/04/04 20:07:27 logger.go:29: INFO: CUSTOM THEME DISABLED
2026/04/04 20:10:32 logger.go:29: INFO: CUSTOM THEME DISABLED
2026/04/04 20:11:34 logger.go:29: INFO: CUSTOM THEME DISABLED
2026/04/04 20:17:11 logger.go:29: INFO: CUSTOM THEME DISABLED
2026/04/04 20:17:22 logger.go:29: INFO: CUSTOM THEME DISABLED
2026/04/04 20:18:10 logger.go:29: INFO: CUSTOM THEME DISABLED
2026/04/04 20:18:29 logger.go:29: INFO: CUSTOM THEME DISABLED
2026/04/04 20:18:35 logger.go:29: INFO: CUSTOM THEME DISABLED
2026/04/04 20:33:01 logger.go:29: INFO: CUSTOM THEME DISABLED
2026/04/04 20:35:10 logger.go:29: INFO: CUSTOM THEME DISABLED
2026/04/04 20:42:58 logger.go:29: INFO: CUSTOM THEME DISABLED
2026/04/04 20:43:00 logger.go:29: INFO: CUSTOM THEME DISABLED
2026/04/04 20:43:00 logger.go:29: INFO: CUSTOM THEME DISABLED
2026/04/04 20:43:31 logger.go:29: INFO: CUSTOM THEME DISABLED
2026/04/04 20:47:49 logger.go:29: INFO: CUSTOM THEME DISABLED
2026/04/04 20:48:45 logger.go:29: INFO: CUSTOM THEME DISABLED
2026/04/04 20:49:15 logger.go:29: INFO: CUSTOM THEME DISABLED
2026/04/04 20:50:06 logger.go:29: INFO: CUSTOM THEME DISABLED
2026/04/04 20:52:15 logger.go:29: INFO: CUSTOM THEME DISABLED
2026/04/04 21:13:42 logger.go:29: INFO: CUSTOM THEME DISABLED
2026/04/04 21:15:08 logger.go:29: INFO: CUSTOM THEME DISABLED
2026/04/04 21:15:19 logger.go:29: INFO: CUSTOM THEME DISABLED
2026/04/04 21:15:48 logger.go:29: INFO: CUSTOM THEME DISABLED
2026/04/04 21:16:22 logger.go:29: INFO: CUSTOM THEME DISABLED
2026/04/04 21:17:17 logger.go:29: INFO: CUSTOM THEME DISABLED
2026/04/04 21:17:31 logger.go:29: INFO: CUSTOM THEME DISABLED
2026/04/04 21:18:10 logger.go:29: INFO: CUSTOM THEME DISABLED
2026/04/04 21:18:17 logger.go:29: INFO: CUSTOM THEME DISABLED
2026/04/04 21:18:36 logger.go:29: INFO: CUSTOM THEME DISABLED
2026/04/04 21:19:16 logger.go:29: INFO: CUSTOM THEME DISABLED
2026/04/04 21:19:39 logger.go:29: INFO: CUSTOM THEME DISABLED
2026/04/04 21:22:43 logger.go:29: INFO: CUSTOM THEME DISABLED
2026/04/04 21:26:18 logger.go:29: INFO: CUSTOM THEME DISABLED
2026/04/04 21:27:02 logger.go:29: INFO: CUSTOM THEME DISABLED
2026/04/04 21:27:07 logger.go:29: INFO: CUSTOM THEME DISABLED
2026/04/04 21:27:31 logger.go:29: INFO: CUSTOM THEME DISABLED
2026/04/04 21:28:08 logger.go:29: INFO: CUSTOM THEME DISABLED
2026/04/04 21:30:41 logger.go:29: INFO: CUSTOM THEME DISABLED
2026/04/04 21:31:13 logger.go:29: INFO: CUSTOM THEME DISABLED
2026/04/04 21:31:50 logger.go:29: INFO: CUSTOM THEME DISABLED
2026/04/04 21:32:06 logger.go:29: INFO: CUSTOM THEME DISABLED
2026/04/04 21:32:06 logger.go:29: INFO: CUSTOM THEME DISABLED
2026/04/04 21:32:20 logger.go:29: INFO: CUSTOM THEME DISABLED
2026/04/04 21:32:32 logger.go:29: INFO: CUSTOM THEME DISABLED
2026/04/04 21:35:25 logger.go:29: INFO: CUSTOM THEME DISABLED
2026/04/04 21:35:32 logger.go:29: INFO: CUSTOM THEME DISABLED
2026/04/04 21:37:00 logger.go:29: INFO: CUSTOM THEME DISABLED
2026/04/04 21:40:00 logger.go:29: INFO: CUSTOM THEME DISABLED
2026/04/04 21:40:05 logger.go:29: INFO: CUSTOM THEME DISABLED
2026/04/04 21:42:21 logger.go:29: INFO: CUSTOM THEME DISABLED
2026/04/04 21:42:39 logger.go:29: INFO: CUSTOM THEME DISABLED
2026/04/04 21:42:51 logger.go:29: INFO: CUSTOM THEME DISABLED
2026/04/04 21:43:35 logger.go:29: INFO: CUSTOM THEME DISABLED
2026/04/04 21:44:47 logger.go:29: INFO: CUSTOM THEME DISABLED
2026/04/04 21:46:01 logger.go:29: INFO: CUSTOM THEME DISABLED
2026/04/04 21:46:39 logger.go:29: INFO: CUSTOM THEME DISABLED
2026/04/04 21:48:12 logger.go:29: INFO: CUSTOM THEME DISABLED
2026/04/04 21:53:40 logger.go:29: INFO: CUSTOM THEME DISABLED
2026/04/04 21:54:53 logger.go:29: INFO: CUSTOM THEME DISABLED
2026/04/04 21:55:16 logger.go:29: INFO: CUSTOM THEME DISABLED
2026/04/04 21:59:33 logger.go:29: INFO: CUSTOM THEME DISABLED
2026/04/04 22:02:01 logger.go:29: INFO: CUSTOM THEME DISABLED
2026/04/04 22:23:14 logger.go:29: INFO: CUSTOM THEME DISABLED
2026/04/04 22:23:14 logger.go:29: INFO: CUSTOM THEME DISABLED
2026/04/04 22:24:10 logger.go:29: INFO: CUSTOM THEME DISABLED
2026/04/04 22:24:11 logger.go:29: INFO: CUSTOM THEME DISABLED
2026/04/04 22:24:44 logger.go:29: INFO: CUSTOM THEME DISABLED
2026/04/04 22:24:44 logger.go:29: INFO: CUSTOM THEME DISABLED
2026/04/04 22:30:46 logger.go:29: INFO: CUSTOM THEME DISABLED
2026/04/04 22:32:31 logger.go:29: INFO: CUSTOM THEME DISABLED
2026/04/04 22:32:48 logger.go:29: INFO: CUSTOM THEME DISABLED
2026/04/04 22:33:15 logger.go:29: INFO: CUSTOM THEME DISABLED
2026/04/04 22:40:36 logger.go:29: INFO: CUSTOM THEME DISABLED
2026/04/04 22:43:08 logger.go:29: INFO: CUSTOM THEME DISABLED
2026/04/04 22:45:13 logger.go:29: INFO: CUSTOM THEME DISABLED
2026/04/04 22:45:14 logger.go:29: INFO: CUSTOM THEME DISABLED
2026/04/04 22:45:16 logger.go:29: INFO: CUSTOM THEME DISABLED
2026/04/04 22:45:17 logger.go:29: INFO: CUSTOM THEME DISABLED
2026/04/04 22:45:22 logger.go:29: INFO: CUSTOM THEME DISABLED
2026/04/04 22:45:58 logger.go:29: INFO: CUSTOM THEME DISABLED
2026/04/04 22:46:00 logger.go:29: INFO: CUSTOM THEME DISABLED
2026/04/04 22:46:01 logger.go:29: INFO: CUSTOM THEME DISABLED
2026/04/04 22:46:54 logger.go:29: INFO: CUSTOM THEME DISABLED
2026/04/04 22:46:58 logger.go:29: INFO: CUSTOM THEME DISABLED
2026/04/04 22:47:01 logger.go:29: INFO: CUSTOM THEME DISABLED
2026/04/04 22:47:40 logger.go:29: INFO: CUSTOM THEME DISABLED
2026/04/04 22:47:48 logger.go:29: INFO: CUSTOM THEME DISABLED
2026/04/04 22:55:17 logger.go:29: INFO: CUSTOM THEME DISABLED
2026/04/04 22:56:10 logger.go:29: INFO: CUSTOM THEME DISABLED
2026/04/04 22:56:12 logger.go:29: INFO: CUSTOM THEME DISABLED
2026/04/04 22:56:13 logger.go:29: INFO: CUSTOM THEME DISABLED
2026/04/04 22:56:15 logger.go:29: INFO: CUSTOM THEME DISABLED
2026/04/04 22:59:05 logger.go:29: INFO: CUSTOM THEME DISABLED
2026/04/04 22:59:10 logger.go:29: INFO: CUSTOM THEME DISABLED
2026/04/04 23:14:30 logger.go:29: INFO: CUSTOM THEME DISABLED
2026/04/04 23:18:09 logger.go:29: INFO: CUSTOM THEME DISABLED
2026/04/04 23:18:10 logger.go:29: INFO: CUSTOM THEME DISABLED
2026/04/04 23:20:57 logger.go:29: INFO: CUSTOM THEME DISABLED
2026/04/04 23:23:49 logger.go:29: INFO: CUSTOM THEME DISABLED
2026/04/04 23:25:10 logger.go:29: INFO: CUSTOM THEME DISABLED
2026/04/04 23:25:36 logger.go:29: INFO: CUSTOM THEME DISABLED
2026/04/04 23:25:45 logger.go:29: INFO: CUSTOM THEME DISABLED
2026/04/04 23:27:37 logger.go:29: INFO: CUSTOM THEME DISABLED
2026/04/04 23:32:16 logger.go:29: INFO: CUSTOM THEME DISABLED
2026/04/04 23:32:38 logger.go:29: INFO: CUSTOM THEME DISABLED
2026/04/04 23:32:46 logger.go:29: INFO: CUSTOM THEME DISABLED
2026/04/04 23:33:31 logger.go:29: INFO: CUSTOM THEME DISABLED
2026/04/04 23:33:55 logger.go:29: INFO: CUSTOM THEME DISABLED
2026/04/04 23:34:01 logger.go:29: INFO: CUSTOM THEME DISABLED
2026/04/04 23:34:12 logger.go:29: INFO: CUSTOM THEME DISABLED
2026/04/04 23:34:15 logger.go:29: INFO: CUSTOM THEME DISABLED
2026/04/04 23:34:30 logger.go:29: INFO: CUSTOM THEME DISABLED
2026/04/04 23:34:39 logger.go:29: INFO: CUSTOM THEME DISABLED
2026/04/04 23:34:42 logger.go:29: INFO: CUSTOM THEME DISABLED
2026/04/04 23:36:40 logger.go:29: INFO: CUSTOM THEME DISABLED
2026/04/04 23:36:40 logger.go:29: INFO: CUSTOM THEME DISABLED
2026/04/04 23:36:54 logger.go:29: INFO: CUSTOM THEME DISABLED
2026/04/04 23:37:06 logger.go:29: INFO: CUSTOM THEME DISABLED
2026/04/04 23:38:44 logger.go:29: INFO: CUSTOM THEME DISABLED
2026/04/04 23:38:53 logger.go:29: INFO: CUSTOM THEME DISABLED
2026/04/04 23:39:34 logger.go:29: INFO: CUSTOM THEME DISABLED
2026/04/04 23:40:59 logger.go:29: INFO: CUSTOM THEME DISABLED
2026/04/04 23:41:36 logger.go:29: INFO: CUSTOM THEME DISABLED
2026/04/04 23:41:44 logger.go:29: INFO: CUSTOM THEME DISABLED
2026/04/04 23:42:23 logger.go:29: INFO: CUSTOM THEME DISABLED
2026/04/04 23:43:49 logger.go:29: INFO: CUSTOM THEME DISABLED
2026/04/04 23:44:06 logger.go:29: INFO: CUSTOM THEME DISABLED
2026/04/04 23:44:12 logger.go:29: INFO: CUSTOM THEME DISABLED
2026/04/04 23:44:22 logger.go:29: INFO: CUSTOM THEME DISABLED
2026/04/04 23:44:27 logger.go:29: INFO: CUSTOM THEME DISABLED
2026/04/04 23:44:36 logger.go:29: INFO: CUSTOM THEME DISABLED
2026/04/04 23:44:38 logger.go:29: INFO: CUSTOM THEME DISABLED
2026/04/04 23:44:39 logger.go:29: INFO: CUSTOM THEME DISABLED
2026/04/04 23:50:07 logger.go:29: INFO: CUSTOM THEME DISABLED
2026/04/04 23:56:24 logger.go:29: INFO: CUSTOM THEME DISABLED
2026/04/04 23:58:08 logger.go:29: INFO: CUSTOM THEME DISABLED
2026/04/04 23:58:10 logger.go:29: INFO: CUSTOM THEME DISABLED
2026/04/04 23:58:10 logger.go:29: INFO: CUSTOM THEME DISABLED
2026/04/04 23:58:54 logger.go:29: INFO: CUSTOM THEME DISABLED
2026/04/04 23:59:18 logger.go:29: INFO: CUSTOM THEME DISABLED
2026/04/05 00:00:14 logger.go:29: INFO: CUSTOM THEME DISABLED
2026/04/05 00:00:22 logger.go:29: INFO: CUSTOM THEME DISABLED
2026/04/05 00:00:42 logger.go:29: INFO: CUSTOM THEME DISABLED
2026/04/05 00:00:53 logger.go:29: INFO: CUSTOM THEME DISABLED
2026/04/05 00:01:01 logger.go:29: INFO: CUSTOM THEME DISABLED
2026/04/05 00:01:09 logger.go:29: INFO: CUSTOM THEME DISABLED
2026/04/05 00:03:09 logger.go:29: INFO: CUSTOM THEME DISABLED
2026/04/05 00:03:33 logger.go:29: INFO: CUSTOM THEME DISABLED
2026/04/05 00:03:40 logger.go:29: INFO: CUSTOM THEME DISABLED
2026/04/05 00:04:05 logger.go:29: INFO: CUSTOM THEME DISABLED
2026/04/05 00:04:18 logger.go:29: INFO: CUSTOM THEME DISABLED
2026/04/05 00:04:34 logger.go:29: INFO: CUSTOM THEME DISABLED
2026/04/05 00:04:38 logger.go:29: INFO: CUSTOM THEME DISABLED
2026/04/05 00:07:35 logger.go:29: INFO: CUSTOM THEME DISABLED
2026/04/05 00:08:04 logger.go:29: INFO: CUSTOM THEME DISABLED
2026/04/05 00:08:05 logger.go:29: INFO: CUSTOM THEME DISABLED
2026/04/05 00:08:09 logger.go:29: INFO: CUSTOM THEME DISABLED
2026/04/05 00:08:39 logger.go:29: INFO: CUSTOM THEME DISABLED
2026/04/05 00:10:49 logger.go:29: INFO: CUSTOM THEME DISABLED
2026/04/05 00:11:12 logger.go:29: INFO: CUSTOM THEME DISABLED
2026/04/05 00:14:31 logger.go:29: INFO: CUSTOM THEME DISABLED
2026/04/05 00:14:40 logger.go:29: INFO: CUSTOM THEME DISABLED
2026/04/05 00:19:34 logger.go:29: INFO: CUSTOM THEME DISABLED
2026/04/05 00:21:46 logger.go:29: INFO: CUSTOM THEME DISABLED
2026/04/05 00:28:32 logger.go:29: INFO: CUSTOM THEME DISABLED
2026/04/05 00:29:20 logger.go:29: INFO: CUSTOM THEME DISABLED
2026/04/05 00:32:16 logger.go:29: INFO: CUSTOM THEME DISABLED
2026/04/05 00:32:23 logger.go:29: INFO: CUSTOM THEME DISABLED
2026/04/05 00:32:25 logger.go:29: INFO: CUSTOM THEME DISABLED
2026/04/05 00:32:26 logger.go:29: INFO: CUSTOM THEME DISABLED
2026/04/05 00:32:26 logger.go:29: INFO: CUSTOM THEME DISABLED
2026/04/05 00:32:27 logger.go:29: INFO: CUSTOM THEME DISABLED
2026/04/05 00:32:35 logger.go:29: INFO: CUSTOM THEME DISABLED
2026/04/05 00:32:36 logger.go:29: INFO: CUSTOM THEME DISABLED
2026/04/05 00:43:41 logger.go:29: INFO: CUSTOM THEME DISABLED
2026/04/05 00:44:06 logger.go:29: INFO: CUSTOM THEME DISABLED
2026/04/05 00:47:01 logger.go:29: INFO: CUSTOM THEME DISABLED
2026/04/05 00:47:04 logger.go:29: INFO: CUSTOM THEME DISABLED
2026/04/05 00:47:18 logger.go:29: INFO: CUSTOM THEME DISABLED
2026/04/05 00:47:34 logger.go:29: INFO: CUSTOM THEME DISABLED
2026/04/05 00:47:34 logger.go:29: INFO: CUSTOM THEME DISABLED
2026/04/05 00:47:39 logger.go:29: INFO: CUSTOM THEME DISABLED
2026/04/05 00:47:48 logger.go:29: INFO: CUSTOM THEME DISABLED
2026/04/05 00:49:59 logger.go:29: INFO: CUSTOM THEME DISABLED
2026/04/05 00:52:27 logger.go:29: INFO: CUSTOM THEME DISABLED
2026/04/05 00:53:53 logger.go:29: INFO: CUSTOM THEME DISABLED
2026/04/05 00:57:47 logger.go:29: INFO: CUSTOM THEME DISABLED
2026/04/05 00:57:55 logger.go:29: INFO: CUSTOM THEME DISABLED
2026/04/05 01:03:43 logger.go:29: INFO: CUSTOM THEME DISABLED
2026/04/05 01:04:32 logger.go:29: INFO: CUSTOM THEME DISABLED
2026/04/05 01:07:17 logger.go:29: INFO: CUSTOM THEME DISABLED
2026/04/05 01:08:10 logger.go:29: INFO: CUSTOM THEME DISABLED
2026/04/05 01:08:46 logger.go:29: INFO: CUSTOM THEME DISABLED
2026/04/05 01:08:55 logger.go:29: INFO: CUSTOM THEME DISABLED
2026/04/05 01:10:03 logger.go:29: INFO: CUSTOM THEME DISABLED
2026/04/05 01:10:46 logger.go:29: INFO: CUSTOM THEME DISABLED
2026/04/05 01:18:46 logger.go:29: INFO: CUSTOM THEME DISABLED
2026/04/05 01:18:51 logger.go:29: INFO: CUSTOM THEME DISABLED
2026/04/05 01:45:19 logger.go:29: INFO: CUSTOM THEME DISABLED
2026/04/05 01:47:37 logger.go:29: INFO: CUSTOM THEME DISABLED
2026/04/05 01:51:58 logger.go:29: INFO: CUSTOM THEME DISABLED
2026/04/05 12:56:53 logger.go:29: INFO: CUSTOM THEME DISABLED
2026/04/05 12:56:53 logger.go:29: INFO: CUSTOM THEME DISABLED
2026/04/05 12:56:53 logger.go:29: INFO: CUSTOM THEME DISABLED
2026/04/05 12:56:53 logger.go:37: WARN: Failed to get active window on Wayland: no suitable tool found (Hyprctl, Wlrctl)
2026/04/05 12:56:53 logger.go:37: WARN: Failed to get active window on Wayland: no suitable tool found (Hyprctl, Wlrctl)
2026/04/05 12:58:42 logger.go:29: INFO: CUSTOM THEME DISABLED
2026/04/05 12:59:59 logger.go:29: INFO: CUSTOM THEME DISABLED
2026/04/05 13:01:27 logger.go:29: INFO: CUSTOM THEME DISABLED
2026/04/05 13:01:27 logger.go:29: INFO: CUSTOM THEME DISABLED
2026/04/05 13:01:27 logger.go:29: INFO: CUSTOM THEME DISABLED
2026/04/05 13:01:27 logger.go:37: WARN: Failed to get active window on Wayland: no suitable tool found (Hyprctl, Wlrctl)
2026/04/05 13:01:27 logger.go:37: WARN: Failed to get active window on Wayland: no suitable tool found (Hyprctl, Wlrctl)
2026/04/05 13:04:31 logger.go:29: INFO: CUSTOM THEME DISABLED
2026/04/05 13:21:25 logger.go:29: INFO: CUSTOM THEME DISABLED
2026/04/05 13:24:50 logger.go:29: INFO: CUSTOM THEME DISABLED
2026/04/05 13:28:18 logger.go:29: INFO: CUSTOM THEME DISABLED
2026/04/05 13:29:25 logger.go:29: INFO: CUSTOM THEME DISABLED
2026/04/05 13:34:25 logger.go:29: INFO: CUSTOM THEME DISABLED
2026/04/05 13:38:44 logger.go:29: INFO: CUSTOM THEME DISABLED
2026/04/05 13:40:20 logger.go:29: INFO: CUSTOM THEME DISABLED
2026/04/05 13:48:11 logger.go:29: INFO: CUSTOM THEME DISABLED
2026/04/05 13:50:14 logger.go:29: INFO: CUSTOM THEME DISABLED
2026/04/05 13:50:49 logger.go:29: INFO: CUSTOM THEME DISABLED
2026/04/05 13:50:52 logger.go:29: INFO: CUSTOM THEME DISABLED
2026/04/05 13:51:08 logger.go:29: INFO: CUSTOM THEME DISABLED
2026/04/05 13:51:27 logger.go:29: INFO: CUSTOM THEME DISABLED
2026/04/05 13:51:32 logger.go:29: INFO: CUSTOM THEME DISABLED
2026/04/05 13:52:00 logger.go:29: INFO: CUSTOM THEME DISABLED
2026/04/05 13:52:03 logger.go:29: INFO: CUSTOM THEME DISABLED
2026/04/05 13:52:16 logger.go:29: INFO: CUSTOM THEME DISABLED
2026/04/05 13:52:20 logger.go:29: INFO: CUSTOM THEME DISABLED
2026/04/05 13:52:52 logger.go:29: INFO: CUSTOM THEME DISABLED
2026/04/05 13:54:03 logger.go:29: INFO: CUSTOM THEME DISABLED
2026/04/05 13:56:55 logger.go:29: INFO: CUSTOM THEME DISABLED
2026/04/05 13:58:16 logger.go:29: INFO: CUSTOM THEME DISABLED
2026/04/05 13:59:06 logger.go:29: INFO: CUSTOM THEME DISABLED
2026/04/05 13:59:10 logger.go:29: INFO: CUSTOM THEME DISABLED
2026/04/05 13:59:14 logger.go:29: INFO: CUSTOM THEME DISABLED
2026/04/05 13:59:17 logger.go:29: INFO: CUSTOM THEME DISABLED
2026/04/05 14:09:29 logger.go:29: INFO: CUSTOM THEME DISABLED
2026/04/05 14:11:43 logger.go:29: INFO: CUSTOM THEME DISABLED
2026/04/05 14:15:54 logger.go:29: INFO: CUSTOM THEME DISABLED
2026/04/05 14:16:14 logger.go:29: INFO: CUSTOM THEME DISABLED
2026/04/05 14:16:23 logger.go:29: INFO: CUSTOM THEME DISABLED
2026/04/05 14:17:19 logger.go:29: INFO: CUSTOM THEME DISABLED
2026/04/05 14:17:38 logger.go:29: INFO: CUSTOM THEME DISABLED
2026/04/05 14:17:48 logger.go:29: INFO: CUSTOM THEME DISABLED
2026/04/05 14:21:59 logger.go:29: INFO: CUSTOM THEME DISABLED
2026/04/05 14:22:07 logger.go:29: INFO: CUSTOM THEME DISABLED
2026/04/05 14:29:57 logger.go:29: INFO: CUSTOM THEME DISABLED
2026/04/05 14:30:34 logger.go:29: INFO: CUSTOM THEME DISABLED
2026/04/05 14:30:49 logger.go:29: INFO: CUSTOM THEME DISABLED
2026/04/05 14:30:57 logger.go:29: INFO: CUSTOM THEME DISABLED
2026/04/05 14:30:57 logger.go:29: INFO: CUSTOM THEME DISABLED
2026/04/05 14:31:33 logger.go:29: INFO: CUSTOM THEME DISABLED
2026/04/05 14:32:21 logger.go:29: INFO: CUSTOM THEME DISABLED
2026/04/05 14:32:29 logger.go:29: INFO: CUSTOM THEME DISABLED
2026/04/05 14:32:51 logger.go:29: INFO: CUSTOM THEME DISABLED
2026/04/05 14:33:13 logger.go:29: INFO: CUSTOM THEME DISABLED
2026/04/05 14:35:42 logger.go:29: INFO: CUSTOM THEME DISABLED
2026/04/05 14:37:31 logger.go:29: INFO: CUSTOM THEME DISABLED
2026/04/05 14:37:54 logger.go:29: INFO: CUSTOM THEME DISABLED
2026/04/05 14:38:08 logger.go:29: INFO: CUSTOM THEME DISABLED
2026/04/05 14:38:36 logger.go:29: INFO: CUSTOM THEME DISABLED
2026/04/05 14:38:53 logger.go:29: INFO: CUSTOM THEME DISABLED
2026/04/05 14:39:01 logger.go:29: INFO: CUSTOM THEME DISABLED
2026/04/05 14:43:13 logger.go:29: INFO: CUSTOM THEME DISABLED
2026/04/05 14:45:04 logger.go:29: INFO: CUSTOM THEME DISABLED
2026/04/05 15:12:06 logger.go:29: INFO: CUSTOM THEME DISABLED
2026/04/05 15:15:35 logger.go:29: INFO: CUSTOM THEME DISABLED
2026/04/05 15:22:33 logger.go:29: INFO: CUSTOM THEME DISABLED
2026/04/05 15:42:58 logger.go:29: INFO: CUSTOM THEME DISABLED
2026/04/05 15:46:15 logger.go:29: INFO: CUSTOM THEME DISABLED
2026/04/05 15:46:22 logger.go:29: INFO: CUSTOM THEME DISABLED
2026/04/05 15:46:59 logger.go:29: INFO: CUSTOM THEME DISABLED
2026/04/05 15:46:59 logger.go:29: INFO: CUSTOM THEME DISABLED
2026/04/05 15:46:59 logger.go:29: INFO: CUSTOM THEME DISABLED
2026/04/05 15:46:59 logger.go:37: WARN: Failed to get active window on Wayland: no suitable tool found (Hyprctl, Wlrctl)
2026/04/05 15:46:59 logger.go:37: WARN: Failed to get active window on Wayland: no suitable tool found (Hyprctl, Wlrctl)
2026/04/05 15:51:13 logger.go:29: INFO: CUSTOM THEME DISABLED
2026/04/05 15:51:25 logger.go:29: INFO: CUSTOM THEME DISABLED
2026/04/05 15:54:09 logger.go:29: INFO: CUSTOM THEME DISABLED
2026/04/05 15:54:09 logger.go:29: INFO: CUSTOM THEME DISABLED
2026/04/05 15:54:30 logger.go:29: INFO: CUSTOM THEME DISABLED
2026/04/05 15:55:02 logger.go:29: INFO: CUSTOM THEME DISABLED
2026/04/05 15:55:19 logger.go:29: INFO: CUSTOM THEME DISABLED
2026/04/05 15:55:33 logger.go:29: INFO: CUSTOM THEME DISABLED
2026/04/05 15:55:50 logger.go:29: INFO: CUSTOM THEME DISABLED
2026/04/05 15:56:01 logger.go:29: INFO: CUSTOM THEME DISABLED
2026/04/05 15:56:14 logger.go:29: INFO: CUSTOM THEME DISABLED
2026/04/05 15:56:24 logger.go:29: INFO: CUSTOM THEME DISABLED
2026/04/05 15:56:33 logger.go:29: INFO: CUSTOM THEME DISABLED
2026/04/05 15:56:38 logger.go:29: INFO: CUSTOM THEME DISABLED
2026/04/05 15:57:26 logger.go:29: INFO: CUSTOM THEME DISABLED
2026/04/05 16:17:01 logger.go:29: INFO: CUSTOM THEME DISABLED
2026/04/05 16:19:43 logger.go:29: INFO: CUSTOM THEME DISABLED
2026/04/05 16:20:18 logger.go:29: INFO: CUSTOM THEME DISABLED
2026/04/05 16:20:19 logger.go:29: INFO: CUSTOM THEME DISABLED
2026/04/05 16:20:23 logger.go:29: INFO: CUSTOM THEME DISABLED
2026/04/05 16:20:24 logger.go:29: INFO: CUSTOM THEME DISABLED
2026/04/05 16:23:35 logger.go:29: INFO: CUSTOM THEME DISABLED
2026/04/05 16:23:35 logger.go:29: INFO: CUSTOM THEME DISABLED
2026/04/05 16:23:35 logger.go:29: INFO: CUSTOM THEME DISABLED
2026/04/05 16:23:35 logger.go:37: WARN: Failed to get active window on Wayland: no suitable tool found (Hyprctl, Wlrctl)
2026/04/05 16:23:35 logger.go:37: WARN: Failed to get active window on Wayland: no suitable tool found (Hyprctl, Wlrctl)
2026/04/05 16:28:03 logger.go:29: INFO: CUSTOM THEME DISABLED
2026/04/05 16:28:05 logger.go:29: INFO: CUSTOM THEME DISABLED
2026/04/05 16:28:26 logger.go:29: INFO: CUSTOM THEME DISABLED
2026/04/05 16:35:47 logger.go:29: INFO: CUSTOM THEME DISABLED
2026/04/05 16:36:24 logger.go:29: INFO: CUSTOM THEME DISABLED
2026/04/05 16:55:32 logger.go:29: INFO: CUSTOM THEME DISABLED
2026/04/05 17:03:38 logger.go:29: INFO: CUSTOM THEME DISABLED
2026/04/05 18:56:01 logger.go:29: INFO: CUSTOM THEME DISABLED
2026/04/05 18:56:02 logger.go:29: INFO: CUSTOM THEME DISABLED
2026/04/05 18:57:40 logger.go:29: INFO: CUSTOM THEME DISABLED
2026/04/05 18:57:55 logger.go:29: INFO: CUSTOM THEME DISABLED
2026/04/05 19:01:04 logger.go:29: INFO: CUSTOM THEME DISABLED
2026/04/05 19:03:50 logger.go:29: INFO: CUSTOM THEME DISABLED
2026/04/05 19:04:16 logger.go:29: INFO: CUSTOM THEME DISABLED
2026/04/05 19:04:23 logger.go:29: INFO: CUSTOM THEME DISABLED
2026/04/05 19:04:45 logger.go:29: INFO: CUSTOM THEME DISABLED
2026/04/05 19:04:59 logger.go:29: INFO: CUSTOM THEME DISABLED
2026/04/05 19:09:06 logger.go:29: INFO: CUSTOM THEME DISABLED
2026/04/05 19:09:26 logger.go:29: INFO: CUSTOM THEME DISABLED
2026/04/05 19:17:16 logger.go:29: INFO: CUSTOM THEME DISABLED
2026/04/05 19:23:30 logger.go:29: INFO: CUSTOM THEME DISABLED
2026/04/05 19:35:07 logger.go:29: INFO: CUSTOM THEME DISABLED
2026/04/05 19:38:12 logger.go:29: INFO: CUSTOM THEME DISABLED
2026/04/05 19:48:25 logger.go:29: INFO: CUSTOM THEME DISABLED
2026/04/05 19:49:46 logger.go:29: INFO: CUSTOM THEME DISABLED
2026/04/05 19:49:55 logger.go:29: INFO: CUSTOM THEME DISABLED
2026/04/05 19:50:36 logger.go:29: INFO: CUSTOM THEME DISABLED
2026/04/05 19:51:25 logger.go:29: INFO: CUSTOM THEME DISABLED
2026/04/05 20:04:57 logger.go:29: INFO: CUSTOM THEME DISABLED
2026/04/05 20:16:22 logger.go:29: INFO: CUSTOM THEME DISABLED
2026/04/05 20:17:01 logger.go:29: INFO: CUSTOM THEME DISABLED
2026/04/05 20:17:10 logger.go:29: INFO: CUSTOM THEME DISABLED
2026/04/05 20:17:12 logger.go:29: INFO: CUSTOM THEME DISABLED
2026/04/05 20:17:13 logger.go:29: INFO: CUSTOM THEME DISABLED
2026/04/05 20:17:29 logger.go:29: INFO: CUSTOM THEME DISABLED
2026/04/05 20:17:49 logger.go:29: INFO: CUSTOM THEME DISABLED
2026/04/05 20:17:54 logger.go:29: INFO: CUSTOM THEME DISABLED
2026/04/05 20:19:09 logger.go:29: INFO: CUSTOM THEME DISABLED
2026/04/05 20:22:48 logger.go:29: INFO: CUSTOM THEME DISABLED
2026/04/05 20:23:41 logger.go:29: INFO: CUSTOM THEME DISABLED
2026/04/05 20:24:10 logger.go:29: INFO: CUSTOM THEME DISABLED
2026/04/05 20:24:13 logger.go:29: INFO: CUSTOM THEME DISABLED
2026/04/05 20:24:44 logger.go:29: INFO: CUSTOM THEME DISABLED
2026/04/05 20:24:58 logger.go:29: INFO: CUSTOM THEME DISABLED
2026/04/05 20:25:21 logger.go:29: INFO: CUSTOM THEME DISABLED
2026/04/05 20:25:36 logger.go:29: INFO: CUSTOM THEME DISABLED
2026/04/05 20:26:37 logger.go:29: INFO: CUSTOM THEME DISABLED
2026/04/05 20:26:56 logger.go:29: INFO: CUSTOM THEME DISABLED
2026/04/05 20:27:02 logger.go:29: INFO: CUSTOM THEME DISABLED
2026/04/05 20:27:15 logger.go:29: INFO: CUSTOM THEME DISABLED
2026/04/05 20:28:30 logger.go:29: INFO: CUSTOM THEME DISABLED
2026/04/05 20:30:32 logger.go:29: INFO: CUSTOM THEME DISABLED
2026/04/05 20:31:08 logger.go:29: INFO: CUSTOM THEME DISABLED
2026/04/05 20:31:23 logger.go:29: INFO: CUSTOM THEME DISABLED
2026/04/05 20:31:31 logger.go:29: INFO: CUSTOM THEME DISABLED
2026/04/05 20:31:52 logger.go:29: INFO: CUSTOM THEME DISABLED
2026/04/05 20:32:09 logger.go:29: INFO: CUSTOM THEME DISABLED
2026/04/05 20:32:30 logger.go:29: INFO: CUSTOM THEME DISABLED
2026/04/05 20:32:54 logger.go:29: INFO: CUSTOM THEME DISABLED
2026/04/05 20:32:59 logger.go:29: INFO: CUSTOM THEME DISABLED
2026/04/05 20:33:00 logger.go:29: INFO: CUSTOM THEME DISABLED
2026/04/05 20:33:09 logger.go:29: INFO: CUSTOM THEME DISABLED
2026/04/05 20:33:26 logger.go:29: INFO: CUSTOM THEME DISABLED
2026/04/05 20:33:28 logger.go:29: INFO: CUSTOM THEME DISABLED
2026/04/05 20:33:52 logger.go:29: INFO: CUSTOM THEME DISABLED
2026/04/05 20:34:03 logger.go:29: INFO: CUSTOM THEME DISABLED
2026/04/05 20:34:25 logger.go:29: INFO: CUSTOM THEME DISABLED
2026/04/05 20:35:36 logger.go:29: INFO: CUSTOM THEME DISABLED
2026/04/05 20:36:06 logger.go:29: INFO: CUSTOM THEME DISABLED
2026/04/05 20:36:14 logger.go:29: INFO: CUSTOM THEME DISABLED
2026/04/05 20:36:29 logger.go:29: INFO: CUSTOM THEME DISABLED
2026/04/05 20:36:58 logger.go:29: INFO: CUSTOM THEME DISABLED
2026/04/05 20:38:08 logger.go:29: INFO: CUSTOM THEME DISABLED
2026/04/05 20:38:18 logger.go:29: INFO: CUSTOM THEME DISABLED
2026/04/05 20:39:14 logger.go:29: INFO: CUSTOM THEME DISABLED
2026/04/05 20:39:30 logger.go:29: INFO: CUSTOM THEME DISABLED
2026/04/05 20:39:47 logger.go:29: INFO: CUSTOM THEME DISABLED
2026/04/05 20:40:00 logger.go:29: INFO: CUSTOM THEME DISABLED
2026/04/05 20:40:06 logger.go:29: INFO: CUSTOM THEME DISABLED
2026/04/05 20:40:59 logger.go:29: INFO: CUSTOM THEME DISABLED
2026/04/05 20:44:44 logger.go:29: INFO: CUSTOM THEME DISABLED
2026/04/05 20:44:58 logger.go:29: INFO: CUSTOM THEME DISABLED
2026/04/05 20:47:04 logger.go:29: INFO: CUSTOM THEME DISABLED
2026/04/05 20:47:50 logger.go:29: INFO: CUSTOM THEME DISABLED
2026/04/05 20:48:48 logger.go:29: INFO: CUSTOM THEME DISABLED
2026/04/05 20:50:02 logger.go:29: INFO: CUSTOM THEME DISABLED
2026/04/05 20:50:15 logger.go:29: INFO: CUSTOM THEME DISABLED
2026/04/05 20:50:25 logger.go:29: INFO: CUSTOM THEME DISABLED
2026/04/05 20:50:48 logger.go:29: INFO: CUSTOM THEME DISABLED
2026/04/05 20:53:15 logger.go:29: INFO: CUSTOM THEME DISABLED
2026/04/05 20:53:16 logger.go:29: INFO: CUSTOM THEME DISABLED
2026/04/05 20:54:21 logger.go:29: INFO: CUSTOM THEME DISABLED
2026/04/05 20:54:56 logger.go:29: INFO: CUSTOM THEME DISABLED
2026/04/05 20:55:16 logger.go:29: INFO: CUSTOM THEME DISABLED
2026/04/05 20:56:07 logger.go:29: INFO: CUSTOM THEME DISABLED
2026/04/05 20:56:13 logger.go:29: INFO: CUSTOM THEME DISABLED
2026/04/05 20:56:22 logger.go:29: INFO: CUSTOM THEME DISABLED
2026/04/05 20:56:50 logger.go:29: INFO: CUSTOM THEME DISABLED
2026/04/05 20:57:03 logger.go:29: INFO: CUSTOM THEME DISABLED
2026/04/05 21:03:23 logger.go:29: INFO: CUSTOM THEME DISABLED
2026/04/05 21:04:01 logger.go:29: INFO: CUSTOM THEME DISABLED
2026/04/05 21:04:04 logger.go:29: INFO: CUSTOM THEME DISABLED
2026/04/05 21:04:59 logger.go:29: INFO: CUSTOM THEME DISABLED
2026/04/05 21:05:00 logger.go:29: INFO: CUSTOM THEME DISABLED
2026/04/05 21:05:25 logger.go:29: INFO: CUSTOM THEME DISABLED
2026/04/05 21:08:09 logger.go:29: INFO: CUSTOM THEME DISABLED
2026/04/05 21:10:12 logger.go:29: INFO: CUSTOM THEME DISABLED
2026/04/05 21:10:13 logger.go:29: INFO: CUSTOM THEME DISABLED
2026/04/05 21:11:31 logger.go:29: INFO: CUSTOM THEME DISABLED
2026/04/05 21:11:33 logger.go:29: INFO: CUSTOM THEME DISABLED
2026/04/05 21:14:39 logger.go:29: INFO: CUSTOM THEME DISABLED
2026/04/05 21:14:41 logger.go:29: INFO: CUSTOM THEME DISABLED
2026/04/05 21:17:58 logger.go:29: INFO: CUSTOM THEME DISABLED
2026/04/05 21:18:49 logger.go:29: INFO: CUSTOM THEME DISABLED
2026/04/05 21:19:41 logger.go:29: INFO: CUSTOM THEME DISABLED
2026/04/05 21:20:33 logger.go:29: INFO: CUSTOM THEME DISABLED
2026/04/05 21:21:06 logger.go:29: INFO: CUSTOM THEME DISABLED
2026/04/05 21:21:07 logger.go:29: INFO: CUSTOM THEME DISABLED
2026/04/05 21:21:51 logger.go:29: INFO: CUSTOM THEME DISABLED
2026/04/05 21:24:15 logger.go:29: INFO: CUSTOM THEME DISABLED
2026/04/05 21:26:20 logger.go:29: INFO: CUSTOM THEME DISABLED
2026/04/05 21:26:42 logger.go:29: INFO: CUSTOM THEME DISABLED
2026/04/05 21:28:17 logger.go:29: INFO: CUSTOM THEME DISABLED
2026/04/05 21:31:42 logger.go:29: INFO: CUSTOM THEME DISABLED
2026/04/05 21:35:49 logger.go:29: INFO: CUSTOM THEME DISABLED
2026/04/05 21:35:54 logger.go:29: INFO: CUSTOM THEME DISABLED
2026/04/05 21:37:44 logger.go:29: INFO: CUSTOM THEME DISABLED
2026/04/05 21:39:12 logger.go:29: INFO: CUSTOM THEME DISABLED
2026/04/05 21:39:13 logger.go:29: INFO: CUSTOM THEME DISABLED
2026/04/05 21:40:13 logger.go:29: INFO: CUSTOM THEME DISABLED
2026/04/05 21:40:27 logger.go:29: INFO: CUSTOM THEME DISABLED
2026/04/05 21:40:34 logger.go:29: INFO: CUSTOM THEME DISABLED
2026/04/05 21:40:43 logger.go:29: INFO: CUSTOM THEME DISABLED
2026/04/05 21:40:58 logger.go:29: INFO: CUSTOM THEME DISABLED
2026/04/05 21:41:19 logger.go:29: INFO: CUSTOM THEME DISABLED
2026/04/05 21:41:38 logger.go:29: INFO: CUSTOM THEME DISABLED
2026/04/05 21:43:28 logger.go:29: INFO: CUSTOM THEME DISABLED
2026/04/05 21:44:17 logger.go:29: INFO: CUSTOM THEME DISABLED
2026/04/05 21:44:27 logger.go:29: INFO: CUSTOM THEME DISABLED
2026/04/05 21:47:09 logger.go:29: INFO: CUSTOM THEME DISABLED
2026/04/05 21:47:25 logger.go:29: INFO: CUSTOM THEME DISABLED
2026/04/05 21:47:28 logger.go:29: INFO: CUSTOM THEME DISABLED
2026/04/05 21:47:32 logger.go:29: INFO: CUSTOM THEME DISABLED
2026/04/05 21:47:45 logger.go:29: INFO: CUSTOM THEME DISABLED
2026/04/05 21:49:02 logger.go:29: INFO: CUSTOM THEME DISABLED
2026/04/05 21:49:11 logger.go:29: INFO: CUSTOM THEME DISABLED
2026/04/05 21:49:19 logger.go:29: INFO: CUSTOM THEME DISABLED
2026/04/05 21:49:30 logger.go:29: INFO: CUSTOM THEME DISABLED
2026/04/05 21:49:41 logger.go:29: INFO: CUSTOM THEME DISABLED
2026/04/05 21:50:40 logger.go:29: INFO: CUSTOM THEME DISABLED
2026/04/05 21:50:48 logger.go:29: INFO: CUSTOM THEME DISABLED
2026/04/05 21:51:03 logger.go:29: INFO: CUSTOM THEME DISABLED
2026/04/05 21:51:08 logger.go:29: INFO: CUSTOM THEME DISABLED
2026/04/05 21:58:09 logger.go:29: INFO: CUSTOM THEME DISABLED
2026/04/05 22:01:04 logger.go:29: INFO: CUSTOM THEME DISABLED
2026/04/05 22:11:27 logger.go:29: INFO: CUSTOM THEME DISABLED
2026/04/05 22:11:27 logger.go:29: INFO: CUSTOM THEME DISABLED
2026/04/05 22:12:58 logger.go:29: INFO: CUSTOM THEME DISABLED
2026/04/05 22:12:58 logger.go:29: INFO: CUSTOM THEME DISABLED
2026/04/05 22:13:05 logger.go:29: INFO: CUSTOM THEME DISABLED
2026/04/05 22:13:05 logger.go:29: INFO: CUSTOM THEME DISABLED
2026/04/05 22:13:19 logger.go:29: INFO: CUSTOM THEME DISABLED
2026/04/05 22:13:19 logger.go:29: INFO: CUSTOM THEME DISABLED
2026/04/05 22:13:46 logger.go:29: INFO: CUSTOM THEME DISABLED
2026/04/05 22:13:46 logger.go:29: INFO: CUSTOM THEME DISABLED
2026/04/05 22:13:58 logger.go:29: INFO: CUSTOM THEME DISABLED
2026/04/05 22:13:58 logger.go:29: INFO: CUSTOM THEME DISABLED
2026/04/05 22:24:48 logger.go:29: INFO: CUSTOM THEME DISABLED
2026/04/05 22:25:35 logger.go:29: INFO: CUSTOM THEME DISABLED
2026/04/05 22:25:46 logger.go:29: INFO: CUSTOM THEME DISABLED
2026/04/05 22:25:48 logger.go:29: INFO: CUSTOM THEME DISABLED
2026/04/05 22:25:52 logger.go:29: INFO: CUSTOM THEME DISABLED
2026/04/05 22:30:39 logger.go:29: INFO: CUSTOM THEME DISABLED
2026/04/05 22:32:06 logger.go:29: INFO: CUSTOM THEME DISABLED
2026/04/05 22:32:22 logger.go:29: INFO: CUSTOM THEME DISABLED
2026/04/05 22:34:56 logger.go:29: INFO: CUSTOM THEME DISABLED
2026/04/05 22:35:05 logger.go:29: INFO: CUSTOM THEME DISABLED
2026/04/05 22:36:33 logger.go:29: INFO: CUSTOM THEME DISABLED
2026/04/05 22:42:42 logger.go:29: INFO: CUSTOM THEME DISABLED
2026/04/05 22:42:51 logger.go:29: INFO: CUSTOM THEME DISABLED
2026/04/05 22:43:42 logger.go:29: INFO: CUSTOM THEME DISABLED
2026/04/05 22:44:56 logger.go:29: INFO: CUSTOM THEME DISABLED
2026/04/05 22:46:06 logger.go:29: INFO: CUSTOM THEME DISABLED
2026/04/05 22:49:26 logger.go:29: INFO: CUSTOM THEME DISABLED
2026/04/05 22:51:16 logger.go:29: INFO: CUSTOM THEME DISABLED
2026/04/05 22:51:43 logger.go:29: INFO: CUSTOM THEME DISABLED
2026/04/05 22:51:46 logger.go:29: INFO: CUSTOM THEME DISABLED
2026/04/05 22:54:23 logger.go:29: INFO: CUSTOM THEME DISABLED
2026/04/05 22:54:30 logger.go:29: INFO: CUSTOM THEME DISABLED
2026/04/05 22:54:35 logger.go:29: INFO: CUSTOM THEME DISABLED
2026/04/05 22:54:38 logger.go:29: INFO: CUSTOM THEME DISABLED
2026/04/05 22:54:40 logger.go:29: INFO: CUSTOM THEME DISABLED
2026/04/05 22:54:43 logger.go:29: INFO: CUSTOM THEME DISABLED
2026/04/05 22:54:47 logger.go:29: INFO: CUSTOM THEME DISABLED
2026/04/05 23:09:47 logger.go:29: INFO: CUSTOM THEME DISABLED
2026/04/05 23:09:49 logger.go:29: INFO: CUSTOM THEME DISABLED
2026/04/05 23:09:49 logger.go:29: INFO: CUSTOM THEME DISABLED
2026/04/05 23:19:46 logger.go:29: INFO: CUSTOM THEME DISABLED
2026/04/05 23:27:44 logger.go:29: INFO: CUSTOM THEME DISABLED
2026/04/05 23:30:40 logger.go:29: INFO: CUSTOM THEME DISABLED
2026/04/05 23:37:30 logger.go:29: INFO: CUSTOM THEME DISABLED
2026/04/06 00:12:53 logger.go:29: INFO: CUSTOM THEME DISABLED
2026/04/06 00:12:56 logger.go:29: INFO: CUSTOM THEME DISABLED
2026/04/06 00:24:39 logger.go:29: INFO: CUSTOM THEME DISABLED
2026/04/06 00:24:39 logger.go:29: INFO: CUSTOM THEME DISABLED
2026/04/06 00:24:54 logger.go:29: INFO: CUSTOM THEME DISABLED
2026/04/06 00:24:54 logger.go:29: INFO: CUSTOM THEME DISABLED
2026/04/06 00:48:01 logger.go:29: INFO: CUSTOM THEME DISABLED
2026/04/06 00:50:08 logger.go:29: INFO: CUSTOM THEME DISABLED
2026/04/06 00:50:46 logger.go:29: INFO: CUSTOM THEME DISABLED
2026/04/06 12:21:51 logger.go:29: INFO: CUSTOM THEME DISABLED
2026/04/06 12:21:51 logger.go:29: INFO: CUSTOM THEME DISABLED
2026/04/06 12:21:51 logger.go:29: INFO: CUSTOM THEME DISABLED
2026/04/06 12:21:51 logger.go:37: WARN: Failed to get active window on Wayland: no suitable tool found (Hyprctl, Wlrctl)
2026/04/06 12:21:51 logger.go:37: WARN: Failed to get active window on Wayland: no suitable tool found (Hyprctl, Wlrctl)
2026/04/06 12:24:45 logger.go:29: INFO: CUSTOM THEME DISABLED
2026/04/06 12:24:55 logger.go:29: INFO: CUSTOM THEME DISABLED
2026/04/06 12:27:44 logger.go:29: INFO: CUSTOM THEME DISABLED
2026/04/06 12:28:11 logger.go:29: INFO: CUSTOM THEME DISABLED
2026/04/06 12:28:11 logger.go:29: INFO: CUSTOM THEME DISABLED
2026/04/06 12:35:18 logger.go:29: INFO: CUSTOM THEME DISABLED
2026/04/06 12:35:45 logger.go:29: INFO: CUSTOM THEME DISABLED
2026/04/06 12:35:45 logger.go:29: INFO: CUSTOM THEME DISABLED
2026/04/06 12:35:58 logger.go:29: INFO: CUSTOM THEME DISABLED
2026/04/06 12:56:16 logger.go:29: INFO: CUSTOM THEME DISABLED
2026/04/06 12:57:11 logger.go:29: INFO: CUSTOM THEME DISABLED
2026/04/06 12:58:09 logger.go:29: INFO: CUSTOM THEME DISABLED
2026/04/06 12:58:58 logger.go:29: INFO: CUSTOM THEME DISABLED
2026/04/06 13:07:34 logger.go:29: INFO: CUSTOM THEME DISABLED
2026/04/06 13:18:35 logger.go:29: INFO: CUSTOM THEME DISABLED
2026/04/06 13:29:02 logger.go:29: INFO: CUSTOM THEME DISABLED
2026/04/06 13:32:14 logger.go:29: INFO: CUSTOM THEME DISABLED
2026/04/06 13:33:36 logger.go:29: INFO: CUSTOM THEME DISABLED
2026/04/06 13:36:29 logger.go:29: INFO: CUSTOM THEME DISABLED
2026/04/06 13:36:35 logger.go:29: INFO: CUSTOM THEME DISABLED
2026/04/06 13:36:49 logger.go:29: INFO: CUSTOM THEME DISABLED
2026/04/06 13:36:52 logger.go:29: INFO: CUSTOM THEME DISABLED
2026/04/06 13:36:59 logger.go:29: INFO: CUSTOM THEME DISABLED
2026/04/06 13:41:41 logger.go:29: INFO: CUSTOM THEME DISABLED
2026/04/06 13:42:12 logger.go:29: INFO: CUSTOM THEME DISABLED
2026/04/06 13:42:30 logger.go:29: INFO: CUSTOM THEME DISABLED
2026/04/06 13:46:04 logger.go:29: INFO: CUSTOM THEME DISABLED
2026/04/06 13:46:17 logger.go:29: INFO: CUSTOM THEME DISABLED
2026/04/06 13:48:18 logger.go:29: INFO: CUSTOM THEME DISABLED
2026/04/06 13:48:24 logger.go:29: INFO: CUSTOM THEME DISABLED
2026/04/06 13:48:59 logger.go:29: INFO: CUSTOM THEME DISABLED
2026/04/06 13:49:06 logger.go:29: INFO: CUSTOM THEME DISABLED
2026/04/06 13:49:30 logger.go:29: INFO: CUSTOM THEME DISABLED
2026/04/06 13:49:31 logger.go:29: INFO: CUSTOM THEME DISABLED
2026/04/06 13:51:39 logger.go:29: INFO: CUSTOM THEME DISABLED
2026/04/06 13:51:41 logger.go:29: INFO: CUSTOM THEME DISABLED
2026/04/06 13:51:42 logger.go:29: INFO: CUSTOM THEME DISABLED
2026/04/06 13:52:38 logger.go:29: INFO: CUSTOM THEME DISABLED
2026/04/06 13:57:53 logger.go:29: INFO: CUSTOM THEME DISABLED
2026/04/06 13:58:05 logger.go:29: INFO: CUSTOM THEME DISABLED
2026/04/06 14:00:15 logger.go:29: INFO: CUSTOM THEME DISABLED
2026/04/06 14:00:21 logger.go:29: INFO: CUSTOM THEME DISABLED
2026/04/06 14:00:55 logger.go:29: INFO: CUSTOM THEME DISABLED
2026/04/06 14:03:48 logger.go:29: INFO: CUSTOM THEME DISABLED
2026/04/06 14:07:22 logger.go:29: INFO: CUSTOM THEME DISABLED
2026/04/06 14:14:43 logger.go:29: INFO: CUSTOM THEME DISABLED
2026/04/06 14:15:29 logger.go:29: INFO: CUSTOM THEME DISABLED
2026/04/06 14:15:30 logger.go:29: INFO: CUSTOM THEME DISABLED
2026/04/06 14:15:31 logger.go:29: INFO: CUSTOM THEME DISABLED
2026/04/06 14:15:39 logger.go:29: INFO: CUSTOM THEME DISABLED
2026/04/06 14:15:50 logger.go:29: INFO: CUSTOM THEME DISABLED
2026/04/06 14:15:57 logger.go:29: INFO: CUSTOM THEME DISABLED
2026/04/06 14:15:57 logger.go:29: INFO: CUSTOM THEME DISABLED
2026/04/06 14:16:38 logger.go:29: INFO: CUSTOM THEME DISABLED
2026/04/06 14:17:02 logger.go:29: INFO: CUSTOM THEME DISABLED
2026/04/06 14:17:19 logger.go:29: INFO: CUSTOM THEME DISABLED
2026/04/06 14:17:22 logger.go:29: INFO: CUSTOM THEME DISABLED
2026/04/06 14:17:28 logger.go:29: INFO: CUSTOM THEME DISABLED
2026/04/06 14:19:48 logger.go:29: INFO: CUSTOM THEME DISABLED
2026/04/06 14:23:19 logger.go:29: INFO: CUSTOM THEME DISABLED
2026/04/06 14:33:55 logger.go:29: INFO: CUSTOM THEME DISABLED
2026/04/06 14:34:15 logger.go:29: INFO: CUSTOM THEME DISABLED
2026/04/06 14:35:21 logger.go:29: INFO: CUSTOM THEME DISABLED
2026/04/06 14:35:23 logger.go:29: INFO: CUSTOM THEME DISABLED
2026/04/06 14:35:52 logger.go:29: INFO: CUSTOM THEME DISABLED
2026/04/06 14:35:58 logger.go:29: INFO: CUSTOM THEME DISABLED
2026/04/06 14:36:48 logger.go:29: INFO: CUSTOM THEME DISABLED
2026/04/06 14:37:03 logger.go:29: INFO: CUSTOM THEME DISABLED
2026/04/06 14:37:04 logger.go:29: INFO: CUSTOM THEME DISABLED
2026/04/06 14:37:17 logger.go:29: INFO: CUSTOM THEME DISABLED
2026/04/06 14:37:17 logger.go:29: INFO: CUSTOM THEME DISABLED
2026/04/06 14:37:35 logger.go:29: INFO: CUSTOM THEME DISABLED
2026/04/06 14:49:28 logger.go:29: INFO: CUSTOM THEME DISABLED
2026/04/06 14:49:37 logger.go:29: INFO: CUSTOM THEME DISABLED
2026/04/06 14:51:17 logger.go:29: INFO: CUSTOM THEME DISABLED
2026/04/06 14:51:22 logger.go:29: INFO: CUSTOM THEME DISABLED
2026/04/06 14:51:31 logger.go:29: INFO: CUSTOM THEME DISABLED
2026/04/06 14:55:54 logger.go:29: INFO: CUSTOM THEME DISABLED
2026/04/06 14:57:09 logger.go:29: INFO: CUSTOM THEME DISABLED
2026/04/06 14:57:37 logger.go:29: INFO: CUSTOM THEME DISABLED
2026/04/06 14:58:36 logger.go:29: INFO: CUSTOM THEME DISABLED
2026/04/06 15:01:36 logger.go:29: INFO: CUSTOM THEME DISABLED
2026/04/06 15:01:54 logger.go:29: INFO: CUSTOM THEME DISABLED
2026/04/06 15:03:08 logger.go:29: INFO: CUSTOM THEME DISABLED
2026/04/06 15:03:34 logger.go:29: INFO: CUSTOM THEME DISABLED
2026/04/06 15:04:21 logger.go:29: INFO: CUSTOM THEME DISABLED
2026/04/06 15:04:30 logger.go:29: INFO: CUSTOM THEME DISABLED
2026/04/06 15:05:51 logger.go:29: INFO: CUSTOM THEME DISABLED
2026/04/06 15:06:12 logger.go:29: INFO: CUSTOM THEME DISABLED
2026/04/06 15:06:42 logger.go:29: INFO: CUSTOM THEME DISABLED
2026/04/06 15:07:16 logger.go:29: INFO: CUSTOM THEME DISABLED
2026/04/06 15:07:24 logger.go:29: INFO: CUSTOM THEME DISABLED
2026/04/06 15:09:42 logger.go:29: INFO: CUSTOM THEME DISABLED
2026/04/06 15:09:45 logger.go:29: INFO: CUSTOM THEME DISABLED
2026/04/06 15:14:14 logger.go:29: INFO: CUSTOM THEME DISABLED
2026/04/06 15:17:04 logger.go:29: INFO: CUSTOM THEME DISABLED
2026/04/06 15:22:56 logger.go:29: INFO: CUSTOM THEME DISABLED
2026/04/06 15:23:03 logger.go:29: INFO: CUSTOM THEME DISABLED
2026/04/06 15:31:33 logger.go:29: INFO: CUSTOM THEME DISABLED
2026/04/06 15:37:00 logger.go:29: INFO: CUSTOM THEME DISABLED
2026/04/06 15:40:17 logger.go:29: INFO: CUSTOM THEME DISABLED
2026/04/06 15:40:42 logger.go:29: INFO: CUSTOM THEME DISABLED
2026/04/06 15:48:00 logger.go:29: INFO: CUSTOM THEME DISABLED
2026/04/06 15:50:01 logger.go:29: INFO: CUSTOM THEME DISABLED
2026/04/06 15:50:02 logger.go:29: INFO: CUSTOM THEME DISABLED
2026/04/06 15:54:45 logger.go:29: INFO: CUSTOM THEME DISABLED
2026/04/06 15:59:40 logger.go:29: INFO: CUSTOM THEME DISABLED
2026/04/06 16:00:17 logger.go:29: INFO: CUSTOM THEME DISABLED
2026/04/06 16:04:10 logger.go:29: INFO: CUSTOM THEME DISABLED
2026/04/06 16:08:01 logger.go:29: INFO: CUSTOM THEME DISABLED
2026/04/06 16:10:55 logger.go:29: INFO: CUSTOM THEME DISABLED
2026/04/06 16:11:18 logger.go:29: INFO: CUSTOM THEME DISABLED
2026/04/06 16:11:24 logger.go:29: INFO: CUSTOM THEME DISABLED
2026/04/06 16:11:30 logger.go:29: INFO: CUSTOM THEME DISABLED
2026/04/06 16:12:06 logger.go:29: INFO: CUSTOM THEME DISABLED
2026/04/06 16:12:13 logger.go:29: INFO: CUSTOM THEME DISABLED
2026/04/06 16:12:20 logger.go:29: INFO: CUSTOM THEME DISABLED
2026/04/06 16:13:43 logger.go:29: INFO: CUSTOM THEME DISABLED
2026/04/06 16:14:13 logger.go:29: INFO: CUSTOM THEME DISABLED
2026/04/06 16:14:43 logger.go:29: INFO: CUSTOM THEME DISABLED
2026/04/06 16:15:01 logger.go:29: INFO: CUSTOM THEME DISABLED
2026/04/06 16:15:31 logger.go:29: INFO: CUSTOM THEME DISABLED
2026/04/06 16:57:21 logger.go:29: INFO: CUSTOM THEME DISABLED
2026/04/06 16:57:44 logger.go:29: INFO: CUSTOM THEME DISABLED
2026/04/06 17:11:26 logger.go:29: INFO: CUSTOM THEME DISABLED
2026/04/06 17:14:46 logger.go:29: INFO: CUSTOM THEME DISABLED
2026/04/06 17:21:33 logger.go:29: INFO: CUSTOM THEME DISABLED
2026/04/06 17:22:23 logger.go:29: INFO: CUSTOM THEME DISABLED
2026/04/06 17:35:54 logger.go:29: INFO: CUSTOM THEME DISABLED
2026/04/06 17:37:03 logger.go:29: INFO: CUSTOM THEME DISABLED
2026/04/06 17:38:49 logger.go:29: INFO: CUSTOM THEME DISABLED
2026/04/06 17:38:57 logger.go:29: INFO: CUSTOM THEME DISABLED
2026/04/06 17:39:06 logger.go:29: INFO: CUSTOM THEME DISABLED
2026/04/06 17:39:08 logger.go:29: INFO: CUSTOM THEME DISABLED
2026/04/06 17:42:53 logger.go:29: INFO: CUSTOM THEME DISABLED
2026/04/06 17:44:46 logger.go:29: INFO: CUSTOM THEME DISABLED
2026/04/06 17:45:26 logger.go:29: INFO: CUSTOM THEME DISABLED
2026/04/06 17:45:27 logger.go:29: INFO: CUSTOM THEME DISABLED
2026/04/06 17:45:50 logger.go:29: INFO: CUSTOM THEME DISABLED
2026/04/06 17:50:04 logger.go:29: INFO: CUSTOM THEME DISABLED
2026/04/06 18:07:19 logger.go:29: INFO: CUSTOM THEME DISABLED
2026/04/06 18:08:27 logger.go:29: INFO: CUSTOM THEME DISABLED
2026/04/06 18:10:49 logger.go:29: INFO: CUSTOM THEME DISABLED
2026/04/06 18:12:26 logger.go:29: INFO: CUSTOM THEME DISABLED
2026/04/06 18:16:16 logger.go:29: INFO: CUSTOM THEME DISABLED
2026/04/06 18:22:09 logger.go:29: INFO: CUSTOM THEME DISABLED
2026/04/06 18:30:23 logger.go:29: INFO: CUSTOM THEME DISABLED
2026/04/06 18:33:35 logger.go:29: INFO: CUSTOM THEME DISABLED
2026/04/06 18:37:56 logger.go:29: INFO: CUSTOM THEME DISABLED
2026/04/06 18:49:51 logger.go:29: INFO: CUSTOM THEME DISABLED
2026/04/06 18:51:48 logger.go:29: INFO: CUSTOM THEME DISABLED
2026/04/06 18:53:00 logger.go:29: INFO: CUSTOM THEME DISABLED
2026/04/06 18:53:06 logger.go:29: INFO: CUSTOM THEME DISABLED
2026/04/06 18:56:50 logger.go:29: INFO: CUSTOM THEME DISABLED
2026/04/06 20:46:17 logger.go:29: INFO: CUSTOM THEME DISABLED
2026/04/06 20:48:25 logger.go:29: INFO: CUSTOM THEME DISABLED
2026/04/06 20:50:52 logger.go:29: INFO: CUSTOM THEME DISABLED
2026/04/06 20:51:50 logger.go:29: INFO: CUSTOM THEME DISABLED
2026/04/06 20:51:51 logger.go:29: INFO: CUSTOM THEME DISABLED
2026/04/06 20:51:52 logger.go:29: INFO: CUSTOM THEME DISABLED
2026/04/06 20:51:53 logger.go:29: INFO: CUSTOM THEME DISABLED
2026/04/06 20:52:10 logger.go:29: INFO: CUSTOM THEME DISABLED
2026/04/06 20:52:12 logger.go:29: INFO: CUSTOM THEME DISABLED
2026/04/06 20:52:12 logger.go:29: INFO: CUSTOM THEME DISABLED
2026/04/06 20:55:21 logger.go:29: INFO: CUSTOM THEME DISABLED
2026/04/06 21:02:04 logger.go:29: INFO: CUSTOM THEME DISABLED
2026/04/06 21:07:12 logger.go:29: INFO: CUSTOM THEME DISABLED
2026/04/06 21:07:24 logger.go:29: INFO: CUSTOM THEME DISABLED
2026/04/06 21:08:09 logger.go:29: INFO: CUSTOM THEME DISABLED
2026/04/06 21:10:52 logger.go:29: INFO: CUSTOM THEME DISABLED
2026/04/06 21:11:07 logger.go:29: INFO: CUSTOM THEME DISABLED
2026/04/06 21:13:44 logger.go:29: INFO: CUSTOM THEME DISABLED
2026/04/06 21:14:40 logger.go:29: INFO: CUSTOM THEME DISABLED
2026/04/06 21:18:54 logger.go:29: INFO: CUSTOM THEME DISABLED
2026/04/06 21:20:29 logger.go:29: INFO: CUSTOM THEME DISABLED
2026/04/06 21:20:51 logger.go:29: INFO: CUSTOM THEME DISABLED
2026/04/06 21:23:45 logger.go:29: INFO: CUSTOM THEME DISABLED
2026/04/06 21:24:17 logger.go:29: INFO: CUSTOM THEME DISABLED
2026/04/06 21:24:54 logger.go:29: INFO: CUSTOM THEME DISABLED
2026/04/06 21:26:24 logger.go:29: INFO: CUSTOM THEME DISABLED
2026/04/06 21:27:34 logger.go:29: INFO: CUSTOM THEME DISABLED
2026/04/06 21:30:47 logger.go:29: INFO: CUSTOM THEME DISABLED
2026/04/06 21:36:35 logger.go:29: INFO: CUSTOM THEME DISABLED
2026/04/06 21:44:59 logger.go:29: INFO: CUSTOM THEME DISABLED
2026/04/06 21:50:11 logger.go:29: INFO: CUSTOM THEME DISABLED
2026/04/06 21:51:16 logger.go:29: INFO: CUSTOM THEME DISABLED
2026/04/06 21:51:42 logger.go:29: INFO: CUSTOM THEME DISABLED
2026/04/06 21:52:28 logger.go:29: INFO: CUSTOM THEME DISABLED
2026/04/06 21:53:02 logger.go:29: INFO: CUSTOM THEME DISABLED
2026/04/06 21:54:47 logger.go:29: INFO: CUSTOM THEME DISABLED
2026/04/06 21:54:56 logger.go:29: INFO: CUSTOM THEME DISABLED
2026/04/06 21:55:08 logger.go:29: INFO: CUSTOM THEME DISABLED
2026/04/06 21:55:40 logger.go:29: INFO: CUSTOM THEME DISABLED
2026/04/06 21:55:51 logger.go:29: INFO: CUSTOM THEME DISABLED
2026/04/06 21:55:59 logger.go:29: INFO: CUSTOM THEME DISABLED
2026/04/06 21:56:16 logger.go:29: INFO: CUSTOM THEME DISABLED
2026/04/06 21:57:01 logger.go:29: INFO: CUSTOM THEME DISABLED
2026/04/06 21:57:07 logger.go:29: INFO: CUSTOM THEME DISABLED
2026/04/06 21:57:40 logger.go:29: INFO: CUSTOM THEME DISABLED
2026/04/06 21:59:44 logger.go:29: INFO: CUSTOM THEME DISABLED
2026/04/06 21:59:44 logger.go:29: INFO: CUSTOM THEME DISABLED
2026/04/06 22:00:27 logger.go:29: INFO: CUSTOM THEME DISABLED
2026/04/06 22:01:34 logger.go:29: INFO: CUSTOM THEME DISABLED
2026/04/06 22:01:34 logger.go:29: INFO: CUSTOM THEME DISABLED
2026/04/06 22:01:34 logger.go:29: INFO: CUSTOM THEME DISABLED
2026/04/06 22:01:34 logger.go:29: INFO: CUSTOM THEME DISABLED
2026/04/06 22:01:35 logger.go:29: INFO: CUSTOM THEME DISABLED
2026/04/06 22:01:35 logger.go:29: INFO: CUSTOM THEME DISABLED
2026/04/06 22:05:01 logger.go:29: INFO: CUSTOM THEME DISABLED
2026/04/06 22:05:01 logger.go:29: INFO: Skipping clipboard content from excluded app: org.keepassxc.KeePassXC
2026/04/06 22:08:33 logger.go:29: INFO: CUSTOM THEME DISABLED
2026/04/06 22:09:04 logger.go:29: INFO: CUSTOM THEME DISABLED
2026/04/06 22:09:54 logger.go:29: INFO: CUSTOM THEME DISABLED
2026/04/06 22:12:14 logger.go:29: INFO: CUSTOM THEME DISABLED
2026/04/06 22:15:23 logger.go:29: INFO: CUSTOM THEME DISABLED
2026/04/06 22:19:19 logger.go:29: INFO: CUSTOM THEME DISABLED
2026/04/06 22:20:30 logger.go:29: INFO: CUSTOM THEME DISABLED
2026/04/06 22:20:44 logger.go:29: INFO: CUSTOM THEME DISABLED
2026/04/06 22:21:08 logger.go:29: INFO: CUSTOM THEME DISABLED
2026/04/06 22:21:16 logger.go:29: INFO: CUSTOM THEME DISABLED
2026/04/06 22:23:45 logger.go:29: INFO: CUSTOM THEME DISABLED
2026/04/06 22:26:24 logger.go:29: INFO: CUSTOM THEME DISABLED
2026/04/06 22:29:09 logger.go:29: INFO: CUSTOM THEME DISABLED
2026/04/06 22:33:02 logger.go:29: INFO: CUSTOM THEME DISABLED
2026/04/06 22:39:01 logger.go:29: INFO: CUSTOM THEME DISABLED
2026/04/06 22:40:42 logger.go:29: INFO: CUSTOM THEME DISABLED
2026/04/06 22:41:11 logger.go:29: INFO: CUSTOM THEME DISABLED
2026/04/06 22:41:44 logger.go:29: INFO: CUSTOM THEME DISABLED
2026/04/06 22:42:08 logger.go:29: INFO: CUSTOM THEME DISABLED
2026/04/06 22:42:30 logger.go:29: INFO: CUSTOM THEME DISABLED
2026/04/06 22:42:55 logger.go:29: INFO: CUSTOM THEME DISABLED
2026/04/06 22:43:15 logger.go:29: INFO: CUSTOM THEME DISABLED
2026/04/06 22:44:06 logger.go:29: INFO: CUSTOM THEME DISABLED
2026/04/06 22:44:35 logger.go:29: INFO: CUSTOM THEME DISABLED
2026/04/06 22:44:48 logger.go:29: INFO: CUSTOM THEME DISABLED
2026/04/06 22:45:00 logger.go:29: INFO: CUSTOM THEME DISABLED
2026/04/06 22:45:10 logger.go:29: INFO: CUSTOM THEME DISABLED
2026/04/06 22:45:17 logger.go:29: INFO: CUSTOM THEME DISABLED
2026/04/06 22:45:28 logger.go:29: INFO: CUSTOM THEME DISABLED
2026/04/06 22:45:44 logger.go:29: INFO: CUSTOM THEME DISABLED
2026/04/06 22:45:52 logger.go:29: INFO: CUSTOM THEME DISABLED
2026/04/06 22:46:01 logger.go:29: INFO: CUSTOM THEME DISABLED
2026/04/06 22:46:06 logger.go:29: INFO: CUSTOM THEME DISABLED
2026/04/06 22:46:13 logger.go:29: INFO: CUSTOM THEME DISABLED
2026/04/06 22:46:21 logger.go:29: INFO: CUSTOM THEME DISABLED
2026/04/06 22:46:34 logger.go:29: INFO: CUSTOM THEME DISABLED
2026/04/06 22:46:42 logger.go:29: INFO: CUSTOM THEME DISABLED
2026/04/06 22:47:03 logger.go:29: INFO: CUSTOM THEME DISABLED
2026/04/06 22:47:09 logger.go:29: INFO: CUSTOM THEME DISABLED
2026/04/06 22:47:13 logger.go:29: INFO: CUSTOM THEME DISABLED
2026/04/06 22:47:22 logger.go:29: INFO: CUSTOM THEME DISABLED
2026/04/06 22:47:36 logger.go:29: INFO: CUSTOM THEME DISABLED
2026/04/06 22:47:51 logger.go:29: INFO: CUSTOM THEME DISABLED
2026/04/06 22:48:01 logger.go:29: INFO: CUSTOM THEME DISABLED
2026/04/06 22:48:12 logger.go:29: INFO: CUSTOM THEME DISABLED
2026/04/06 22:48:17 logger.go:29: INFO: CUSTOM THEME DISABLED
2026/04/06 22:48:22 logger.go:29: INFO: CUSTOM THEME DISABLED
2026/04/06 22:48:36 logger.go:29: INFO: CUSTOM THEME DISABLED
2026/04/06 22:48:41 logger.go:29: INFO: CUSTOM THEME DISABLED
2026/04/06 22:49:04 logger.go:29: INFO: CUSTOM THEME DISABLED
2026/04/06 22:49:10 logger.go:29: INFO: CUSTOM THEME DISABLED
2026/04/06 22:49:20 logger.go:29: INFO: CUSTOM THEME DISABLED
2026/04/06 22:49:40 logger.go:29: INFO: CUSTOM THEME DISABLED
2026/04/06 22:52:21 logger.go:29: INFO: CUSTOM THEME DISABLED
2026/04/06 22:52:28 logger.go:29: INFO: CUSTOM THEME DISABLED
2026/04/06 22:52:34 logger.go:29: INFO: CUSTOM THEME DISABLED
2026/04/06 22:55:45 logger.go:29: INFO: CUSTOM THEME DISABLED
2026/04/06 22:55:52 logger.go:29: INFO: CUSTOM THEME DISABLED
2026/04/06 22:55:59 logger.go:29: INFO: CUSTOM THEME DISABLED
2026/04/06 22:57:26 logger.go:29: INFO: CUSTOM THEME DISABLED
2026/04/06 22:57:54 logger.go:29: INFO: CUSTOM THEME DISABLED
2026/04/06 22:58:31 logger.go:29: INFO: CUSTOM THEME DISABLED
2026/04/06 22:58:42 logger.go:29: INFO: CUSTOM THEME DISABLED
2026/04/06 22:59:08 logger.go:29: INFO: CUSTOM THEME DISABLED
2026/04/06 22:59:55 logger.go:29: INFO: CUSTOM THEME DISABLED
2026/04/06 23:00:16 logger.go:29: INFO: CUSTOM THEME DISABLED
2026/04/06 23:00:47 logger.go:29: INFO: CUSTOM THEME DISABLED
2026/04/06 23:01:30 logger.go:29: INFO: CUSTOM THEME DISABLED
2026/04/06 23:01:51 logger.go:29: INFO: CUSTOM THEME DISABLED
2026/04/06 23:02:02 logger.go:29: INFO: CUSTOM THEME DISABLED
2026/04/06 23:02:21 logger.go:29: INFO: CUSTOM THEME DISABLED
2026/04/06 23:03:06 logger.go:29: INFO: CUSTOM THEME DISABLED
2026/04/06 23:03:21 logger.go:29: INFO: CUSTOM THEME DISABLED
2026/04/06 23:04:10 logger.go:29: INFO: CUSTOM THEME DISABLED
2026/04/06 23:04:47 logger.go:29: INFO: CUSTOM THEME DISABLED
2026/04/06 23:05:20 logger.go:29: INFO: CUSTOM THEME DISABLED
2026/04/06 23:05:26 logger.go:29: INFO: CUSTOM THEME DISABLED
2026/04/06 23:05:54 logger.go:29: INFO: CUSTOM THEME DISABLED
2026/04/06 23:06:29 logger.go:29: INFO: CUSTOM THEME DISABLED
2026/04/06 23:07:24 logger.go:29: INFO: CUSTOM THEME DISABLED
2026/04/06 23:07:51 logger.go:29: INFO: CUSTOM THEME DISABLED
2026/04/06 23:07:54 logger.go:29: INFO: CUSTOM THEME DISABLED
2026/04/06 23:08:00 logger.go:29: INFO: CUSTOM THEME DISABLED
2026/04/06 23:08:30 logger.go:29: INFO: CUSTOM THEME DISABLED
2026/04/06 23:08:40 logger.go:29: INFO: CUSTOM THEME DISABLED
2026/04/06 23:08:44 logger.go:29: INFO: CUSTOM THEME DISABLED
2026/04/06 23:08:49 logger.go:29: INFO: CUSTOM THEME DISABLED
2026/04/06 23:09:13 logger.go:29: INFO: CUSTOM THEME DISABLED
2026/04/06 23:09:17 logger.go:29: INFO: CUSTOM THEME DISABLED
2026/04/06 23:09:27 logger.go:29: INFO: CUSTOM THEME DISABLED
2026/04/06 23:09:46 logger.go:29: INFO: CUSTOM THEME DISABLED
2026/04/06 23:09:54 logger.go:29: INFO: CUSTOM THEME DISABLED
2026/04/06 23:10:03 logger.go:29: INFO: CUSTOM THEME DISABLED
2026/04/06 23:10:17 logger.go:29: INFO: CUSTOM THEME DISABLED
2026/04/06 23:10:49 logger.go:29: INFO: CUSTOM THEME DISABLED
2026/04/06 23:10:57 logger.go:29: INFO: CUSTOM THEME DISABLED
2026/04/06 23:11:23 logger.go:29: INFO: CUSTOM THEME DISABLED
2026/04/06 23:11:41 logger.go:29: INFO: CUSTOM THEME DISABLED
2026/04/06 23:14:14 logger.go:29: INFO: CUSTOM THEME DISABLED
2026/04/06 23:14:34 logger.go:29: INFO: CUSTOM THEME DISABLED
2026/04/06 23:14:44 logger.go:29: INFO: CUSTOM THEME DISABLED
2026/04/06 23:15:07 logger.go:29: INFO: CUSTOM THEME DISABLED
2026/04/06 23:15:52 logger.go:29: INFO: CUSTOM THEME DISABLED
2026/04/06 23:17:09 logger.go:29: INFO: CUSTOM THEME DISABLED
2026/04/06 23:18:15 logger.go:29: INFO: CUSTOM THEME DISABLED
2026/04/06 23:18:36 logger.go:29: INFO: CUSTOM THEME DISABLED
2026/04/06 23:22:05 logger.go:29: INFO: CUSTOM THEME DISABLED
2026/04/06 23:23:31 logger.go:29: INFO: CUSTOM THEME DISABLED
2026/04/06 23:24:17 logger.go:29: INFO: CUSTOM THEME DISABLED
2026/04/06 23:25:50 logger.go:29: INFO: CUSTOM THEME DISABLED
2026/04/06 23:25:52 logger.go:29: INFO: CUSTOM THEME DISABLED
2026/04/06 23:29:39 logger.go:29: INFO: CUSTOM THEME DISABLED
2026/04/06 23:30:39 logger.go:29: INFO: CUSTOM THEME DISABLED
2026/04/06 23:31:01 logger.go:29: INFO: CUSTOM THEME DISABLED
2026/04/06 23:32:39 logger.go:29: INFO: CUSTOM THEME DISABLED
2026/04/06 23:32:45 logger.go:29: INFO: CUSTOM THEME DISABLED
2026/04/06 23:33:56 logger.go:29: INFO: CUSTOM THEME DISABLED
2026/04/06 23:33:57 logger.go:29: INFO: CUSTOM THEME DISABLED
2026/04/06 23:34:48 logger.go:29: INFO: CUSTOM THEME DISABLED
2026/04/06 23:35:49 logger.go:29: INFO: CUSTOM THEME DISABLED
2026/04/06 23:37:35 logger.go:29: INFO: CUSTOM THEME DISABLED
2026/04/06 23:37:56 logger.go:29: INFO: CUSTOM THEME DISABLED
2026/04/06 23:38:03 logger.go:29: INFO: CUSTOM THEME DISABLED
2026/04/06 23:38:36 logger.go:29: INFO: CUSTOM THEME DISABLED
2026/04/06 23:38:52 logger.go:29: INFO: CUSTOM THEME DISABLED
2026/04/06 23:40:24 logger.go:29: INFO: CUSTOM THEME DISABLED
2026/04/06 23:40:30 logger.go:29: INFO: CUSTOM THEME DISABLED
2026/04/06 23:40:37 logger.go:29: INFO: CUSTOM THEME DISABLED
2026/04/06 23:40:57 logger.go:29: INFO: CUSTOM THEME DISABLED
2026/04/06 23:41:54 logger.go:29: INFO: CUSTOM THEME DISABLED
2026/04/06 23:42:12 logger.go:29: INFO: CUSTOM THEME DISABLED
2026/04/06 23:42:43 logger.go:29: INFO: CUSTOM THEME DISABLED
2026/04/06 23:43:27 logger.go:29: INFO: CUSTOM THEME DISABLED
2026/04/06 23:44:11 logger.go:29: INFO: CUSTOM THEME DISABLED
2026/04/06 23:44:34 logger.go:29: INFO: CUSTOM THEME DISABLED
2026/04/06 23:45:37 logger.go:29: INFO: CUSTOM THEME DISABLED
2026/04/06 23:45:45 logger.go:29: INFO: CUSTOM THEME DISABLED
2026/04/06 23:45:52 logger.go:29: INFO: CUSTOM THEME DISABLED
2026/04/06 23:46:12 logger.go:29: INFO: CUSTOM THEME DISABLED
2026/04/06 23:46:53 logger.go:29: INFO: CUSTOM THEME DISABLED
2026/04/06 23:47:01 logger.go:29: INFO: CUSTOM THEME DISABLED
2026/04/06 23:47:03 logger.go:29: INFO: CUSTOM THEME DISABLED
2026/04/06 23:47:21 logger.go:29: INFO: CUSTOM THEME DISABLED
2026/04/06 23:47:59 logger.go:29: INFO: CUSTOM THEME DISABLED
2026/04/06 23:48:27 logger.go:29: INFO: CUSTOM THEME DISABLED
2026/04/06 23:49:20 logger.go:29: INFO: CUSTOM THEME DISABLED
2026/04/06 23:50:39 logger.go:29: INFO: CUSTOM THEME DISABLED
2026/04/06 23:50:55 logger.go:29: INFO: CUSTOM THEME DISABLED
2026/04/06 23:51:04 logger.go:29: INFO: CUSTOM THEME DISABLED
2026/04/06 23:51:11 logger.go:29: INFO: CUSTOM THEME DISABLED
2026/04/06 23:51:31 logger.go:29: INFO: CUSTOM THEME DISABLED
2026/04/06 23:51:32 logger.go:29: INFO: CUSTOM THEME DISABLED
2026/04/06 23:51:53 logger.go:29: INFO: CUSTOM THEME DISABLED
2026/04/06 23:53:40 logger.go:29: INFO: CUSTOM THEME DISABLED
2026/04/06 23:54:26 logger.go:29: INFO: CUSTOM THEME DISABLED
2026/04/06 23:54:34 logger.go:29: INFO: CUSTOM THEME DISABLED
2026/04/06 23:54:45 logger.go:29: INFO: CUSTOM THEME DISABLED
2026/04/06 23:54:52 logger.go:29: INFO: CUSTOM THEME DISABLED
2026/04/06 23:55:19 logger.go:29: INFO: CUSTOM THEME DISABLED
2026/04/07 00:01:11 logger.go:29: INFO: CUSTOM THEME DISABLED
2026/04/07 00:01:18 logger.go:29: INFO: CUSTOM THEME DISABLED
2026/04/07 00:03:14 logger.go:29: INFO: CUSTOM THEME DISABLED
2026/04/07 00:05:04 logger.go:29: INFO: CUSTOM THEME DISABLED
2026/04/07 00:06:30 logger.go:29: INFO: CUSTOM THEME DISABLED
2026/04/07 00:06:50 logger.go:29: INFO: CUSTOM THEME DISABLED
2026/04/07 00:07:24 logger.go:29: INFO: CUSTOM THEME DISABLED
2026/04/07 00:07:33 logger.go:29: INFO: CUSTOM THEME DISABLED
2026/04/07 00:07:48 logger.go:29: INFO: CUSTOM THEME DISABLED
2026/04/07 00:08:26 logger.go:29: INFO: CUSTOM THEME DISABLED
2026/04/07 00:08:38 logger.go:29: INFO: CUSTOM THEME DISABLED
2026/04/07 00:09:19 logger.go:29: INFO: CUSTOM THEME DISABLED
2026/04/07 00:09:31 logger.go:29: INFO: CUSTOM THEME DISABLED
2026/04/07 00:10:04 logger.go:29: INFO: CUSTOM THEME DISABLED
2026/04/07 00:10:53 logger.go:29: INFO: CUSTOM THEME DISABLED
2026/04/07 00:11:05 logger.go:29: INFO: CUSTOM THEME DISABLED
2026/04/07 00:11:13 logger.go:29: INFO: CUSTOM THEME DISABLED
2026/04/07 00:11:20 logger.go:29: INFO: CUSTOM THEME DISABLED
2026/04/07 00:11:31 logger.go:29: INFO: CUSTOM THEME DISABLED
2026/04/07 00:11:42 logger.go:29: INFO: CUSTOM THEME DISABLED
2026/04/07 00:12:02 logger.go:29: INFO: CUSTOM THEME DISABLED
2026/04/07 00:12:47 logger.go:29: INFO: CUSTOM THEME DISABLED
2026/04/07 00:12:55 logger.go:29: INFO: CUSTOM THEME DISABLED
2026/04/07 00:13:16 logger.go:29: INFO: CUSTOM THEME DISABLED
2026/04/07 00:13:26 logger.go:29: INFO: CUSTOM THEME DISABLED
2026/04/07 00:13:34 logger.go:29: INFO: CUSTOM THEME DISABLED
2026/04/07 00:13:41 logger.go:29: INFO: CUSTOM THEME DISABLED
2026/04/07 00:13:57 logger.go:29: INFO: CUSTOM THEME DISABLED
2026/04/07 00:14:12 logger.go:29: INFO: CUSTOM THEME DISABLED
2026/04/07 00:14:20 logger.go:29: INFO: CUSTOM THEME DISABLED
2026/04/07 00:14:30 logger.go:29: INFO: CUSTOM THEME DISABLED
2026/04/07 00:14:43 logger.go:29: INFO: CUSTOM THEME DISABLED
2026/04/07 00:15:00 logger.go:29: INFO: CUSTOM THEME DISABLED
2026/04/07 00:15:06 logger.go:29: INFO: CUSTOM THEME DISABLED
2026/04/07 00:15:53 logger.go:29: INFO: CUSTOM THEME DISABLED
2026/04/07 00:16:03 logger.go:29: INFO: CUSTOM THEME DISABLED
2026/04/07 00:17:03 logger.go:29: INFO: CUSTOM THEME DISABLED
2026/04/07 00:17:17 logger.go:29: INFO: CUSTOM THEME DISABLED
2026/04/07 00:17:40 logger.go:29: INFO: CUSTOM THEME DISABLED
2026/04/07 00:18:01 logger.go:29: INFO: CUSTOM THEME DISABLED
2026/04/07 00:18:24 logger.go:29: INFO: CUSTOM THEME DISABLED
2026/04/07 00:18:46 logger.go:29: INFO: CUSTOM THEME DISABLED
2026/04/07 00:18:55 logger.go:29: INFO: CUSTOM THEME DISABLED
2026/04/07 00:19:49 logger.go:29: INFO: CUSTOM THEME DISABLED
2026/04/07 00:20:31 logger.go:29: INFO: CUSTOM THEME DISABLED
2026/04/07 00:20:39 logger.go:29: INFO: CUSTOM THEME DISABLED
2026/04/07 00:20:51 logger.go:29: INFO: CUSTOM THEME DISABLED
2026/04/07 00:20:57 logger.go:29: INFO: CUSTOM THEME DISABLED
2026/04/07 00:22:51 logger.go:29: INFO: CUSTOM THEME DISABLED
2026/04/07 00:22:56 logger.go:29: INFO: CUSTOM THEME DISABLED
2026/04/07 00:38:49 logger.go:29: INFO: CUSTOM THEME DISABLED
2026/04/07 00:46:48 logger.go:29: INFO: CUSTOM THEME DISABLED
2026/04/07 01:03:24 logger.go:29: INFO: CUSTOM THEME DISABLED
2026/04/07 01:03:24 logger.go:29: INFO: CUSTOM THEME DISABLED
2026/04/07 01:03:24 logger.go:29: INFO: CUSTOM THEME DISABLED
2026/04/07 01:03:24 logger.go:37: WARN: Failed to get active window on Wayland: no suitable tool found (Hyprctl, Wlrctl)
2026/04/07 01:03:24 logger.go:37: WARN: Failed to get active window on Wayland: no suitable tool found (Hyprctl, Wlrctl)
2026/04/07 01:06:56 logger.go:29: INFO: CUSTOM THEME DISABLED
2026/04/07 01:08:49 logger.go:29: INFO: CUSTOM THEME DISABLED
2026/04/07 01:09:00 logger.go:29: INFO: CUSTOM THEME DISABLED
2026/04/07 01:09:01 logger.go:29: INFO: CUSTOM THEME DISABLED
2026/04/07 01:09:02 logger.go:29: INFO: CUSTOM THEME DISABLED
2026/04/07 01:09:04 logger.go:29: INFO: CUSTOM THEME DISABLED
2026/04/07 01:09:09 logger.go:29: INFO: CUSTOM THEME DISABLED
2026/04/07 01:09:10 logger.go:29: INFO: CUSTOM THEME DISABLED
2026/04/07 01:09:15 logger.go:29: INFO: CUSTOM THEME DISABLED
2026/04/07 01:09:16 logger.go:29: INFO: CUSTOM THEME DISABLED
2026/04/07 01:09:22 logger.go:29: INFO: CUSTOM THEME DISABLED
2026/04/07 01:09:23 logger.go:29: INFO: CUSTOM THEME DISABLED
2026/04/07 01:09:24 logger.go:29: INFO: CUSTOM THEME DISABLED
2026/04/07 01:09:27 logger.go:29: INFO: CUSTOM THEME DISABLED
2026/04/07 01:09:28 logger.go:29: INFO: CUSTOM THEME DISABLED
2026/04/07 01:09:32 logger.go:29: INFO: CUSTOM THEME DISABLED
2026/04/07 01:09:33 logger.go:29: INFO: CUSTOM THEME DISABLED
2026/04/07 01:09:34 logger.go:29: INFO: CUSTOM THEME DISABLED
2026/04/07 01:09:36 logger.go:29: INFO: CUSTOM THEME DISABLED
2026/04/07 01:09:36 logger.go:29: INFO: CUSTOM THEME DISABLED
2026/04/07 01:09:38 logger.go:29: INFO: CUSTOM THEME DISABLED
2026/04/07 01:09:39 logger.go:29: INFO: CUSTOM THEME DISABLED
2026/04/07 01:09:39 logger.go:29: INFO: CUSTOM THEME DISABLED
2026/04/07 01:10:24 logger.go:29: INFO: CUSTOM THEME DISABLED
2026/04/07 01:11:24 logger.go:29: INFO: CUSTOM THEME DISABLED
2026/04/07 01:11:25 logger.go:29: INFO: CUSTOM THEME DISABLED
2026/04/07 01:11:33 logger.go:29: INFO: CUSTOM THEME DISABLED
2026/04/07 01:12:04 logger.go:29: INFO: CUSTOM THEME DISABLED
2026/04/07 01:13:51 logger.go:29: INFO: CUSTOM THEME DISABLED
2026/04/07 01:14:11 logger.go:29: INFO: CUSTOM THEME DISABLED
2026/04/07 01:14:18 logger.go:29: INFO: CUSTOM THEME DISABLED
2026/04/07 01:14:21 logger.go:29: INFO: CUSTOM THEME DISABLED
2026/04/07 01:15:50 logger.go:29: INFO: CUSTOM THEME DISABLED
2026/04/07 01:16:30 logger.go:29: INFO: CUSTOM THEME DISABLED
2026/04/07 01:16:36 logger.go:29: INFO: CUSTOM THEME DISABLED
2026/04/07 01:16:40 logger.go:29: INFO: CUSTOM THEME DISABLED
2026/04/07 01:17:27 logger.go:29: INFO: CUSTOM THEME DISABLED
2026/04/07 01:20:36 logger.go:29: INFO: CUSTOM THEME DISABLED
2026/04/07 01:20:44 logger.go:29: INFO: CUSTOM THEME DISABLED
2026/04/07 01:20:44 logger.go:29: INFO: CUSTOM THEME DISABLED
2026/04/07 01:21:24 logger.go:29: INFO: CUSTOM THEME DISABLED
2026/04/07 01:21:54 logger.go:29: INFO: CUSTOM THEME DISABLED
2026/04/07 01:22:03 logger.go:29: INFO: CUSTOM THEME DISABLED
2026/04/07 01:22:11 logger.go:29: INFO: CUSTOM THEME DISABLED
2026/04/07 01:22:19 logger.go:29: INFO: CUSTOM THEME DISABLED
2026/04/07 01:22:40 logger.go:29: INFO: CUSTOM THEME DISABLED
2026/04/07 01:22:57 logger.go:29: INFO: CUSTOM THEME DISABLED
2026/04/07 01:23:12 logger.go:29: INFO: CUSTOM THEME DISABLED
2026/04/07 01:23:34 logger.go:29: INFO: CUSTOM THEME DISABLED
2026/04/07 01:24:35 logger.go:29: INFO: CUSTOM THEME DISABLED
2026/04/07 01:24:45 logger.go:29: INFO: CUSTOM THEME DISABLED
2026/04/07 01:26:11 logger.go:29: INFO: CUSTOM THEME DISABLED
2026/04/07 01:26:36 logger.go:29: INFO: CUSTOM THEME DISABLED
2026/04/07 01:27:17 logger.go:29: INFO: CUSTOM THEME DISABLED
2026/04/07 01:30:05 logger.go:29: INFO: CUSTOM THEME DISABLED
2026/04/07 01:30:13 logger.go:29: INFO: CUSTOM THEME DISABLED
2026/04/07 01:30:28 logger.go:29: INFO: CUSTOM THEME DISABLED
2026/04/07 01:30:48 logger.go:29: INFO: CUSTOM THEME DISABLED
2026/04/07 01:31:00 logger.go:29: INFO: CUSTOM THEME DISABLED
2026/04/07 01:32:52 logger.go:29: INFO: CUSTOM THEME DISABLED
2026/04/07 01:33:04 logger.go:29: INFO: CUSTOM THEME DISABLED
2026/04/07 01:33:21 logger.go:29: INFO: CUSTOM THEME DISABLED
2026/04/07 01:33:33 logger.go:29: INFO: CUSTOM THEME DISABLED
2026/04/07 01:33:43 logger.go:29: INFO: CUSTOM THEME DISABLED
2026/04/07 01:35:00 logger.go:29: INFO: CUSTOM THEME DISABLED
2026/04/07 01:35:57 logger.go:29: INFO: CUSTOM THEME DISABLED
2026/04/07 01:36:05 logger.go:29: INFO: CUSTOM THEME DISABLED
2026/04/07 01:36:11 logger.go:29: INFO: CUSTOM THEME DISABLED
2026/04/07 01:36:29 logger.go:29: INFO: CUSTOM THEME DISABLED
2026/04/07 01:36:40 logger.go:29: INFO: CUSTOM THEME DISABLED
2026/04/07 01:36:46 logger.go:29: INFO: CUSTOM THEME DISABLED
2026/04/07 01:36:55 logger.go:29: INFO: CUSTOM THEME DISABLED
2026/04/07 01:37:14 logger.go:29: INFO: CUSTOM THEME DISABLED
2026/04/07 01:37:21 logger.go:29: INFO: CUSTOM THEME DISABLED
2026/04/07 01:37:30 logger.go:29: INFO: CUSTOM THEME DISABLED
2026/04/07 01:37:36 logger.go:29: INFO: CUSTOM THEME DISABLED
2026/04/07 01:37:43 logger.go:29: INFO: CUSTOM THEME DISABLED
2026/04/07 01:37:50 logger.go:29: INFO: CUSTOM THEME DISABLED
2026/04/07 01:38:00 logger.go:29: INFO: CUSTOM THEME DISABLED
2026/04/07 01:38:16 logger.go:29: INFO: CUSTOM THEME DISABLED
2026/04/07 01:38:30 logger.go:29: INFO: CUSTOM THEME DISABLED
2026/04/07 01:38:48 logger.go:29: INFO: CUSTOM THEME DISABLED
2026/04/07 01:39:02 logger.go:29: INFO: CUSTOM THEME DISABLED
2026/04/07 01:39:21 logger.go:29: INFO: CUSTOM THEME DISABLED
2026/04/07 01:40:18 logger.go:29: INFO: CUSTOM THEME DISABLED
2026/04/07 01:40:22 logger.go:29: INFO: CUSTOM THEME DISABLED
2026/04/07 01:40:29 logger.go:29: INFO: CUSTOM THEME DISABLED
2026/04/07 01:40:42 logger.go:29: INFO: CUSTOM THEME DISABLED
2026/04/07 01:40:48 logger.go:29: INFO: CUSTOM THEME DISABLED
2026/04/07 01:41:14 logger.go:29: INFO: CUSTOM THEME DISABLED
2026/04/07 01:41:27 logger.go:29: INFO: CUSTOM THEME DISABLED
2026/04/07 01:41:28 logger.go:29: INFO: CUSTOM THEME DISABLED
2026/04/07 01:41:28 logger.go:29: INFO: CUSTOM THEME DISABLED
2026/04/07 01:41:53 logger.go:29: INFO: CUSTOM THEME DISABLED
2026/04/07 01:43:29 logger.go:29: INFO: CUSTOM THEME DISABLED
2026/04/07 01:43:37 logger.go:29: INFO: CUSTOM THEME DISABLED
2026/04/07 01:43:47 logger.go:29: INFO: CUSTOM THEME DISABLED
2026/04/07 01:44:05 logger.go:29: INFO: CUSTOM THEME DISABLED
2026/04/07 01:44:05 logger.go:29: INFO: CUSTOM THEME DISABLED
2026/04/07 01:44:55 logger.go:29: INFO: CUSTOM THEME DISABLED
2026/04/07 01:45:40 logger.go:29: INFO: CUSTOM THEME DISABLED
2026/04/07 01:45:47 logger.go:29: INFO: CUSTOM THEME DISABLED
2026/04/07 01:46:05 logger.go:29: INFO: CUSTOM THEME DISABLED
2026/04/07 01:46:15 logger.go:29: INFO: CUSTOM THEME DISABLED
2026/04/07 01:46:26 logger.go:29: INFO: CUSTOM THEME DISABLED
2026/04/07 01:46:38 logger.go:29: INFO: CUSTOM THEME DISABLED
2026/04/07 01:47:53 logger.go:29: INFO: CUSTOM THEME DISABLED
2026/04/07 01:48:09 logger.go:29: INFO: CUSTOM THEME DISABLED
2026/04/07 01:48:15 logger.go:29: INFO: CUSTOM THEME DISABLED
2026/04/07 01:48:20 logger.go:29: INFO: CUSTOM THEME DISABLED
2026/04/07 01:48:26 logger.go:29: INFO: CUSTOM THEME DISABLED
2026/04/07 01:48:31 logger.go:29: INFO: CUSTOM THEME DISABLED
2026/04/07 01:48:43 logger.go:29: INFO: CUSTOM THEME DISABLED
2026/04/07 01:48:52 logger.go:29: INFO: CUSTOM THEME DISABLED
2026/04/07 01:48:57 logger.go:29: INFO: CUSTOM THEME DISABLED
2026/04/07 01:49:01 logger.go:29: INFO: CUSTOM THEME DISABLED
2026/04/07 01:49:07 logger.go:29: INFO: CUSTOM THEME DISABLED
2026/04/07 01:49:13 logger.go:29: INFO: CUSTOM THEME DISABLED
2026/04/07 01:49:17 logger.go:29: INFO: CUSTOM THEME DISABLED
2026/04/07 01:49:20 logger.go:29: INFO: CUSTOM THEME DISABLED
2026/04/07 01:49:23 logger.go:29: INFO: CUSTOM THEME DISABLED
2026/04/07 01:49:26 logger.go:29: INFO: CUSTOM THEME DISABLED
2026/04/07 01:49:43 logger.go:29: INFO: CUSTOM THEME DISABLED
2026/04/07 01:49:50 logger.go:29: INFO: CUSTOM THEME DISABLED
2026/04/07 01:49:56 logger.go:29: INFO: CUSTOM THEME DISABLED
2026/04/07 01:50:08 logger.go:29: INFO: CUSTOM THEME DISABLED
2026/04/07 01:52:39 logger.go:29: INFO: CUSTOM THEME DISABLED
2026/04/07 01:53:02 logger.go:29: INFO: CUSTOM THEME DISABLED
2026/04/07 01:55:20 logger.go:29: INFO: CUSTOM THEME DISABLED
2026/04/07 01:55:36 logger.go:29: INFO: CUSTOM THEME DISABLED
2026/04/07 01:56:32 logger.go:29: INFO: CUSTOM THEME DISABLED
2026/04/07 01:57:15 logger.go:29: INFO: CUSTOM THEME DISABLED
2026/04/07 01:57:21 logger.go:29: INFO: CUSTOM THEME DISABLED
2026/04/07 01:57:30 logger.go:29: INFO: CUSTOM THEME DISABLED
2026/04/07 01:57:51 logger.go:29: INFO: CUSTOM THEME DISABLED
2026/04/07 01:58:28 logger.go:29: INFO: CUSTOM THEME DISABLED
2026/04/07 01:59:48 logger.go:29: INFO: CUSTOM THEME DISABLED
2026/04/07 01:59:51 logger.go:29: INFO: CUSTOM THEME DISABLED
2026/04/07 02:00:12 logger.go:29: INFO: CUSTOM THEME DISABLED
2026/04/07 02:00:45 logger.go:29: INFO: CUSTOM THEME DISABLED
2026/04/07 02:01:38 logger.go:29: INFO: CUSTOM THEME DISABLED
2026/04/07 02:01:40 logger.go:29: INFO: CUSTOM THEME DISABLED
2026/04/07 02:01:56 logger.go:29: INFO: CUSTOM THEME DISABLED
2026/04/07 02:02:15 logger.go:29: INFO: CUSTOM THEME DISABLED
2026/04/07 02:02:18 logger.go:29: INFO: CUSTOM THEME DISABLED
2026/04/07 02:02:19 logger.go:29: INFO: CUSTOM THEME DISABLED
2026/04/07 02:03:14 logger.go:29: INFO: CUSTOM THEME DISABLED
2026/04/07 02:03:43 logger.go:29: INFO: CUSTOM THEME DISABLED
2026/04/07 02:04:30 logger.go:29: INFO: CUSTOM THEME DISABLED
2026/04/07 02:05:00 logger.go:29: INFO: CUSTOM THEME DISABLED
2026/04/07 02:05:22 logger.go:29: INFO: CUSTOM THEME DISABLED
2026/04/07 02:05:27 logger.go:29: INFO: CUSTOM THEME DISABLED
2026/04/07 02:05:34 logger.go:29: INFO: CUSTOM THEME DISABLED
2026/04/07 02:05:55 logger.go:29: INFO: CUSTOM THEME DISABLED
2026/04/07 02:06:12 logger.go:29: INFO: CUSTOM THEME DISABLED
2026/04/07 02:06:21 logger.go:29: INFO: CUSTOM THEME DISABLED
2026/04/07 02:06:24 logger.go:29: INFO: CUSTOM THEME DISABLED
2026/04/07 02:06:38 logger.go:29: INFO: CUSTOM THEME DISABLED
2026/04/07 02:07:21 logger.go:29: INFO: CUSTOM THEME DISABLED
2026/04/07 02:07:56 logger.go:29: INFO: CUSTOM THEME DISABLED
2026/04/07 02:08:46 logger.go:29: INFO: CUSTOM THEME DISABLED
2026/04/07 02:09:12 logger.go:29: INFO: CUSTOM THEME DISABLED
2026/04/07 02:09:13 logger.go:29: INFO: CUSTOM THEME DISABLED
2026/04/07 02:09:20 logger.go:29: INFO: CUSTOM THEME DISABLED
2026/04/07 02:09:57 logger.go:29: INFO: CUSTOM THEME DISABLED
2026/04/07 02:10:05 logger.go:29: INFO: CUSTOM THEME DISABLED
2026/04/07 02:10:13 logger.go:29: INFO: CUSTOM THEME DISABLED
2026/04/07 02:10:20 logger.go:29: INFO: CUSTOM THEME DISABLED
2026/04/07 02:11:29 logger.go:29: INFO: CUSTOM THEME DISABLED
2026/04/07 02:11:36 logger.go:29: INFO: CUSTOM THEME DISABLED
2026/04/07 02:11:49 logger.go:29: INFO: CUSTOM THEME DISABLED
2026/04/07 02:11:59 logger.go:29: INFO: CUSTOM THEME DISABLED
2026/04/07 02:12:07 logger.go:29: INFO: CUSTOM THEME DISABLED
2026/04/07 02:12:13 logger.go:29: INFO: CUSTOM THEME DISABLED
2026/04/07 02:12:37 logger.go:29: INFO: CUSTOM THEME DISABLED
2026/04/07 02:12:50 logger.go:29: INFO: CUSTOM THEME DISABLED
2026/04/07 02:13:03 logger.go:29: INFO: CUSTOM THEME DISABLED
2026/04/07 02:13:09 logger.go:29: INFO: CUSTOM THEME DISABLED
2026/04/07 02:13:23 logger.go:29: INFO: CUSTOM THEME DISABLED
2026/04/07 02:13:42 logger.go:29: INFO: CUSTOM THEME DISABLED
2026/04/07 02:13:43 logger.go:29: INFO: CUSTOM THEME DISABLED
2026/04/07 02:13:44 logger.go:29: INFO: CUSTOM THEME DISABLED
2026/04/07 02:13:54 logger.go:29: INFO: CUSTOM THEME DISABLED
2026/04/07 02:14:01 logger.go:29: INFO: CUSTOM THEME DISABLED
2026/04/07 02:14:33 logger.go:29: INFO: CUSTOM THEME DISABLED
2026/04/07 02:14:51 logger.go:29: INFO: CUSTOM THEME DISABLED
2026/04/07 02:14:53 logger.go:29: INFO: CUSTOM THEME DISABLED
2026/04/07 02:15:59 logger.go:29: INFO: CUSTOM THEME DISABLED
2026/04/07 02:16:11 logger.go:29: INFO: CUSTOM THEME DISABLED
2026/04/07 02:16:36 logger.go:29: INFO: CUSTOM THEME DISABLED
2026/04/07 02:16:51 logger.go:29: INFO: CUSTOM THEME DISABLED
2026/04/07 02:17:15 logger.go:29: INFO: CUSTOM THEME DISABLED
2026/04/07 02:18:19 logger.go:29: INFO: CUSTOM THEME DISABLED
2026/04/07 02:19:43 logger.go:29: INFO: CUSTOM THEME DISABLED
2026/04/07 02:20:09 logger.go:29: INFO: CUSTOM THEME DISABLED
2026/04/07 02:20:30 logger.go:29: INFO: CUSTOM THEME DISABLED
2026/04/07 02:23:11 logger.go:29: INFO: CUSTOM THEME DISABLED
2026/04/07 02:23:33 logger.go:29: INFO: CUSTOM THEME DISABLED
2026/04/07 02:24:44 logger.go:29: INFO: CUSTOM THEME DISABLED
2026/04/07 02:24:58 logger.go:29: INFO: CUSTOM THEME DISABLED
2026/04/07 02:25:11 logger.go:29: INFO: CUSTOM THEME DISABLED
2026/04/07 02:25:23 logger.go:29: INFO: CUSTOM THEME DISABLED
2026/04/07 02:25:30 logger.go:29: INFO: CUSTOM THEME DISABLED
2026/04/07 02:25:57 logger.go:29: INFO: CUSTOM THEME DISABLED
2026/04/07 02:25:58 logger.go:29: INFO: CUSTOM THEME DISABLED
2026/04/07 02:29:22 logger.go:29: INFO: CUSTOM THEME DISABLED
2026/04/07 02:31:58 logger.go:29: INFO: CUSTOM THEME DISABLED
2026/04/07 16:40:52 logger.go:29: INFO: CUSTOM THEME DISABLED
2026/04/07 16:40:52 logger.go:29: INFO: CUSTOM THEME DISABLED
2026/04/07 16:40:52 logger.go:29: INFO: CUSTOM THEME DISABLED
2026/04/07 16:40:52 logger.go:37: WARN: Failed to get active window on Wayland: no suitable tool found (Hyprctl, Wlrctl)
2026/04/07 16:40:52 logger.go:37: WARN: Failed to get active window on Wayland: no suitable tool found (Hyprctl, Wlrctl)
2026/04/07 16:43:56 logger.go:29: INFO: CUSTOM THEME DISABLED
2026/04/07 16:53:13 logger.go:29: INFO: CUSTOM THEME DISABLED
2026/04/07 16:56:27 logger.go:29: INFO: CUSTOM THEME DISABLED
2026/04/07 16:59:58 logger.go:29: INFO: CUSTOM THEME DISABLED
2026/04/07 17:02:46 logger.go:29: INFO: CUSTOM THEME DISABLED
2026/04/07 17:03:37 logger.go:29: INFO: CUSTOM THEME DISABLED
2026/04/07 17:03:38 logger.go:29: INFO: CUSTOM THEME DISABLED
2026/04/07 17:03:38 logger.go:29: INFO: CUSTOM THEME DISABLED
2026/04/07 17:03:39 logger.go:29: INFO: CUSTOM THEME DISABLED
2026/04/07 17:03:40 logger.go:29: INFO: CUSTOM THEME DISABLED
2026/04/07 17:03:40 logger.go:29: INFO: CUSTOM THEME DISABLED
2026/04/07 17:03:42 logger.go:29: INFO: CUSTOM THEME DISABLED
2026/04/07 17:03:42 logger.go:29: INFO: CUSTOM THEME DISABLED
2026/04/07 17:03:44 logger.go:29: INFO: CUSTOM THEME DISABLED
2026/04/07 17:03:44 logger.go:29: INFO: CUSTOM THEME DISABLED
2026/04/07 17:03:45 logger.go:29: INFO: CUSTOM THEME DISABLED
2026/04/07 17:03:45 logger.go:29: INFO: CUSTOM THEME DISABLED
2026/04/07 17:04:47 logger.go:29: INFO: CUSTOM THEME DISABLED
2026/04/07 17:04:57 logger.go:29: INFO: CUSTOM THEME DISABLED
2026/04/07 17:04:57 logger.go:29: INFO: CUSTOM THEME DISABLED
2026/04/07 17:05:09 logger.go:29: INFO: CUSTOM THEME DISABLED
2026/04/07 17:05:54 logger.go:29: INFO: CUSTOM THEME DISABLED
2026/04/07 17:24:56 logger.go:29: INFO: CUSTOM THEME DISABLED
2026/04/07 17:25:41 logger.go:29: INFO: CUSTOM THEME DISABLED
2026/04/07 17:41:05 logger.go:29: INFO: CUSTOM THEME DISABLED
2026/04/07 17:42:23 logger.go:29: INFO: CUSTOM THEME DISABLED
2026/04/07 17:45:21 logger.go:29: INFO: CUSTOM THEME DISABLED
2026/04/07 17:45:43 logger.go:29: INFO: CUSTOM THEME DISABLED
2026/04/07 17:48:16 logger.go:29: INFO: CUSTOM THEME DISABLED
2026/04/07 17:50:19 logger.go:29: INFO: CUSTOM THEME DISABLED
2026/04/07 17:50:19 logger.go:29: INFO: CUSTOM THEME DISABLED
2026/04/07 20:48:51 logger.go:29: INFO: CUSTOM THEME DISABLED
2026/04/07 21:21:33 logger.go:29: INFO: CUSTOM THEME DISABLED
2026/04/07 21:21:44 logger.go:29: INFO: CUSTOM THEME DISABLED
2026/04/07 22:41:49 logger.go:29: INFO: CUSTOM THEME DISABLED
2026/04/07 22:41:54 logger.go:29: INFO: CUSTOM THEME DISABLED
2026/04/07 22:42:19 logger.go:29: INFO: CUSTOM THEME DISABLED
2026/04/07 23:07:08 logger.go:29: INFO: CUSTOM THEME DISABLED
2026/04/07 23:28:24 logger.go:29: INFO: CUSTOM THEME DISABLED
2026/04/07 23:35:47 logger.go:29: INFO: CUSTOM THEME DISABLED
2026/04/07 23:45:16 logger.go:29: INFO: CUSTOM THEME DISABLED
2026/04/07 23:49:57 logger.go:29: INFO: CUSTOM THEME DISABLED
2026/04/07 23:49:57 logger.go:29: INFO: CUSTOM THEME DISABLED
2026/04/07 23:54:05 logger.go:29: INFO: CUSTOM THEME DISABLED
2026/04/07 23:55:01 logger.go:29: INFO: CUSTOM THEME DISABLED
2026/04/07 23:55:50 logger.go:29: INFO: CUSTOM THEME DISABLED
2026/04/07 23:55:50 logger.go:29: INFO: CUSTOM THEME DISABLED
2026/04/07 23:56:17 logger.go:29: INFO: CUSTOM THEME DISABLED
2026/04/07 23:56:17 logger.go:29: INFO: CUSTOM THEME DISABLED
2026/04/07 23:57:02 logger.go:29: INFO: CUSTOM THEME DISABLED
2026/04/07 23:57:15 logger.go:29: INFO: CUSTOM THEME DISABLED
2026/04/07 23:58:23 logger.go:29: INFO: CUSTOM THEME DISABLED
2026/04/07 23:58:40 logger.go:29: INFO: CUSTOM THEME DISABLED
2026/04/07 23:59:51 logger.go:29: INFO: CUSTOM THEME DISABLED
2026/04/08 00:02:43 logger.go:29: INFO: CUSTOM THEME DISABLED
2026/04/08 00:03:10 logger.go:29: INFO: CUSTOM THEME DISABLED
2026/04/08 00:03:19 logger.go:29: INFO: CUSTOM THEME DISABLED
2026/04/08 00:07:52 logger.go:29: INFO: CUSTOM THEME DISABLED
2026/04/08 00:09:12 logger.go:29: INFO: CUSTOM THEME DISABLED
2026/04/08 00:09:28 logger.go:29: INFO: CUSTOM THEME DISABLED
2026/04/08 00:10:04 logger.go:29: INFO: CUSTOM THEME DISABLED
2026/04/08 00:10:13 logger.go:29: INFO: CUSTOM THEME DISABLED
2026/04/08 00:10:20 logger.go:29: INFO: CUSTOM THEME DISABLED
2026/04/08 00:10:35 logger.go:29: INFO: CUSTOM THEME DISABLED
2026/04/08 00:11:12 logger.go:29: INFO: CUSTOM THEME DISABLED
2026/04/08 00:14:11 logger.go:29: INFO: CUSTOM THEME DISABLED
2026/04/08 00:14:12 logger.go:29: INFO: CUSTOM THEME DISABLED
2026/04/08 00:14:25 logger.go:29: INFO: CUSTOM THEME DISABLED
2026/04/08 00:15:54 logger.go:29: INFO: CUSTOM THEME DISABLED
2026/04/08 00:16:24 logger.go:29: INFO: CUSTOM THEME DISABLED
2026/04/08 00:16:48 logger.go:29: INFO: CUSTOM THEME DISABLED
2026/04/08 00:18:08 logger.go:29: INFO: CUSTOM THEME DISABLED
2026/04/08 00:18:13 logger.go:29: INFO: CUSTOM THEME DISABLED
2026/04/08 00:20:08 logger.go:29: INFO: CUSTOM THEME DISABLED
2026/04/08 00:20:12 logger.go:29: INFO: CUSTOM THEME DISABLED
2026/04/08 00:20:20 logger.go:29: INFO: CUSTOM THEME DISABLED
2026/04/08 00:20:52 logger.go:29: INFO: CUSTOM THEME DISABLED
2026/04/08 00:21:31 logger.go:29: INFO: CUSTOM THEME DISABLED
2026/04/08 00:25:22 logger.go:29: INFO: CUSTOM THEME DISABLED
2026/04/08 00:32:22 logger.go:29: INFO: CUSTOM THEME DISABLED
2026/04/08 00:43:50 logger.go:29: INFO: CUSTOM THEME DISABLED
2026/04/08 00:43:57 logger.go:29: INFO: CUSTOM THEME DISABLED
2026/04/08 00:44:06 logger.go:29: INFO: CUSTOM THEME DISABLED
2026/04/08 00:44:22 logger.go:29: INFO: CUSTOM THEME DISABLED
2026/04/08 00:44:32 logger.go:29: INFO: CUSTOM THEME DISABLED
2026/04/08 00:45:44 logger.go:29: INFO: CUSTOM THEME DISABLED
2026/04/08 00:45:44 logger.go:29: INFO: CUSTOM THEME DISABLED
2026/04/08 00:46:17 logger.go:29: INFO: CUSTOM THEME DISABLED
2026/04/08 00:46:36 logger.go:29: INFO: CUSTOM THEME DISABLED
2026/04/08 00:46:50 logger.go:29: INFO: CUSTOM THEME DISABLED
2026/04/08 00:46:52 logger.go:29: INFO: CUSTOM THEME DISABLED
2026/04/08 00:46:53 logger.go:29: INFO: CUSTOM THEME DISABLED
2026/04/08 00:47:20 logger.go:29: INFO: CUSTOM THEME DISABLED
2026/04/08 00:48:03 logger.go:29: INFO: CUSTOM THEME DISABLED
2026/04/08 00:48:27 logger.go:29: INFO: CUSTOM THEME DISABLED
2026/04/08 00:48:47 logger.go:29: INFO: CUSTOM THEME DISABLED
2026/04/08 00:50:04 logger.go:29: INFO: CUSTOM THEME DISABLED
2026/04/08 00:50:07 logger.go:29: INFO: CUSTOM THEME DISABLED
2026/04/08 00:51:55 logger.go:29: INFO: CUSTOM THEME DISABLED
2026/04/08 00:52:06 logger.go:29: INFO: CUSTOM THEME DISABLED
2026/04/08 00:52:09 logger.go:29: INFO: CUSTOM THEME DISABLED
2026/04/08 00:52:09 logger.go:29: INFO: Skipping clipboard content from excluded app: org.keepassxc.KeePassXC
2026/04/08 00:53:15 logger.go:29: INFO: CUSTOM THEME DISABLED
2026/04/08 00:53:15 logger.go:29: INFO: Skipping clipboard content from excluded app: org.keepassxc.KeePassXC
2026/04/08 00:55:32 logger.go:29: INFO: CUSTOM THEME DISABLED
2026/04/08 00:55:58 logger.go:29: INFO: CUSTOM THEME DISABLED
2026/04/08 00:55:58 logger.go:29: INFO: Skipping clipboard content from excluded app: org.keepassxc.KeePassXC
2026/04/08 00:56:42 logger.go:29: INFO: CUSTOM THEME DISABLED
2026/04/08 11:49:13 logger.go:29: INFO: CUSTOM THEME DISABLED
2026/04/08 11:49:13 logger.go:29: INFO: CUSTOM THEME DISABLED
2026/04/08 11:49:13 logger.go:29: INFO: CUSTOM THEME DISABLED
2026/04/08 11:49:13 logger.go:37: WARN: Failed to get active window on Wayland: no suitable tool found (Hyprctl, Wlrctl)
2026/04/08 11:49:13 logger.go:37: WARN: Failed to get active window on Wayland: no suitable tool found (Hyprctl, Wlrctl)
2026/04/08 11:53:45 logger.go:29: INFO: CUSTOM THEME DISABLED
2026/04/08 11:59:29 logger.go:29: INFO: CUSTOM THEME DISABLED
2026/04/08 12:02:19 logger.go:29: INFO: CUSTOM THEME DISABLED
2026/04/08 12:02:19 logger.go:29: INFO: CUSTOM THEME DISABLED
2026/04/08 12:04:34 logger.go:29: INFO: CUSTOM THEME DISABLED
2026/04/08 12:25:59 logger.go:29: INFO: CUSTOM THEME DISABLED
2026/04/08 12:26:36 logger.go:29: INFO: CUSTOM THEME DISABLED
2026/04/08 12:29:26 logger.go:29: INFO: CUSTOM THEME DISABLED
2026/04/08 12:29:26 logger.go:29: INFO: CUSTOM THEME DISABLED
2026/04/08 12:30:03 logger.go:29: INFO: CUSTOM THEME DISABLED
2026/04/08 12:50:26 logger.go:29: INFO: CUSTOM THEME DISABLED
2026/04/08 13:45:56 logger.go:29: INFO: CUSTOM THEME DISABLED
2026/04/08 13:45:56 logger.go:29: INFO: CUSTOM THEME DISABLED
2026/04/08 13:46:01 logger.go:29: INFO: CUSTOM THEME DISABLED
2026/04/08 13:46:01 logger.go:29: INFO: CUSTOM THEME DISABLED
2026/04/08 17:23:53 logger.go:29: INFO: CUSTOM THEME DISABLED
2026/04/08 17:34:49 logger.go:29: INFO: CUSTOM THEME DISABLED
2026/04/08 17:39:36 logger.go:29: INFO: CUSTOM THEME DISABLED
2026/04/08 17:39:39 logger.go:29: INFO: CUSTOM THEME DISABLED
2026/04/08 17:46:27 logger.go:29: INFO: CUSTOM THEME DISABLED
2026/04/08 17:46:29 logger.go:29: INFO: CUSTOM THEME DISABLED
2026/04/08 18:48:54 logger.go:29: INFO: CUSTOM THEME DISABLED
2026/04/08 18:49:17 logger.go:29: INFO: CUSTOM THEME DISABLED
2026/04/08 23:20:49 logger.go:29: INFO: CUSTOM THEME DISABLED
2026/04/08 23:20:49 logger.go:29: INFO: CUSTOM THEME DISABLED
2026/04/08 23:28:33 logger.go:29: INFO: CUSTOM THEME DISABLED
2026/04/08 23:28:33 logger.go:29: INFO: CUSTOM THEME DISABLED
2026/04/08 23:29:01 logger.go:29: INFO: CUSTOM THEME DISABLED
2026/04/08 23:29:01 logger.go:29: INFO: CUSTOM THEME DISABLED
2026/04/08 23:31:48 logger.go:29: INFO: CUSTOM THEME DISABLED
2026/04/08 23:38:48 logger.go:29: INFO: CUSTOM THEME DISABLED
2026/04/08 23:38:48 logger.go:29: INFO: CUSTOM THEME DISABLED
2026/04/09 00:00:05 logger.go:29: INFO: CUSTOM THEME DISABLED
2026/04/09 00:00:05 logger.go:29: INFO: CUSTOM THEME DISABLED
2026/04/09 00:00:12 logger.go:29: INFO: CUSTOM THEME DISABLED
2026/04/09 00:00:12 logger.go:29: INFO: CUSTOM THEME DISABLED
2026/04/09 00:03:26 logger.go:29: INFO: CUSTOM THEME DISABLED
2026/04/09 00:03:26 logger.go:29: INFO: CUSTOM THEME DISABLED
2026/04/09 00:04:45 logger.go:29: INFO: CUSTOM THEME DISABLED
2026/04/09 00:04:45 logger.go:29: INFO: CUSTOM THEME DISABLED
2026/04/09 00:05:37 logger.go:29: INFO: CUSTOM THEME DISABLED
2026/04/09 00:05:37 logger.go:29: INFO: CUSTOM THEME DISABLED
2026/04/09 00:06:47 logger.go:29: INFO: CUSTOM THEME DISABLED
2026/04/09 00:06:47 logger.go:29: INFO: CUSTOM THEME DISABLED
2026/04/09 00:07:09 logger.go:29: INFO: CUSTOM THEME DISABLED
2026/04/09 00:07:09 logger.go:29: INFO: CUSTOM THEME DISABLED
2026/04/09 00:10:02 logger.go:29: INFO: CUSTOM THEME DISABLED
2026/04/09 00:10:02 logger.go:29: INFO: CUSTOM THEME DISABLED
2026/04/09 00:10:15 logger.go:29: INFO: CUSTOM THEME DISABLED
2026/04/09 00:10:15 logger.go:29: INFO: CUSTOM THEME DISABLED
2026/04/09 00:15:32 logger.go:29: INFO: CUSTOM THEME DISABLED
2026/04/09 00:15:32 logger.go:29: INFO: CUSTOM THEME DISABLED
2026/04/09 00:25:05 logger.go:29: INFO: CUSTOM THEME DISABLED
2026/04/09 00:25:05 logger.go:29: INFO: CUSTOM THEME DISABLED
2026/04/09 00:25:49 logger.go:29: INFO: CUSTOM THEME DISABLED
2026/04/09 00:25:49 logger.go:29: INFO: CUSTOM THEME DISABLED
2026/04/09 00:27:06 logger.go:29: INFO: CUSTOM THEME DISABLED
2026/04/09 00:27:06 logger.go:29: INFO: CUSTOM THEME DISABLED
2026/04/09 00:31:03 logger.go:29: INFO: CUSTOM THEME DISABLED
2026/04/09 11:02:52 logger.go:29: INFO: CUSTOM THEME DISABLED
2026/04/09 11:02:52 logger.go:29: INFO: CUSTOM THEME DISABLED
2026/04/09 11:02:52 logger.go:29: INFO: CUSTOM THEME DISABLED
2026/04/09 11:02:52 logger.go:37: WARN: Failed to get active window on Wayland: no suitable tool found (Hyprctl, Wlrctl)
2026/04/09 11:02:52 logger.go:37: WARN: Failed to get active window on Wayland: no suitable tool found (Hyprctl, Wlrctl)
2026/04/09 11:19:51 logger.go:29: INFO: CUSTOM THEME DISABLED
2026/04/09 11:20:07 logger.go:29: INFO: CUSTOM THEME DISABLED
2026/04/09 11:36:27 logger.go:29: INFO: CUSTOM THEME DISABLED
2026/04/09 14:25:27 logger.go:29: INFO: CUSTOM THEME DISABLED
2026/04/09 14:41:12 logger.go:29: INFO: CUSTOM THEME DISABLED
2026/04/09 15:00:52 logger.go:29: INFO: CUSTOM THEME DISABLED
2026/04/09 15:01:12 logger.go:29: INFO: CUSTOM THEME DISABLED
2026/04/09 15:36:46 logger.go:29: INFO: CUSTOM THEME DISABLED
2026/04/09 17:17:19 logger.go:29: INFO: CUSTOM THEME DISABLED
2026/04/09 17:19:28 logger.go:29: INFO: CUSTOM THEME DISABLED
2026/04/09 17:23:24 logger.go:29: INFO: CUSTOM THEME DISABLED
2026/04/09 17:31:23 logger.go:29: INFO: CUSTOM THEME DISABLED
2026/04/09 17:32:31 logger.go:29: INFO: CUSTOM THEME DISABLED
2026/04/09 17:32:56 logger.go:29: INFO: CUSTOM THEME DISABLED
2026/04/09 17:33:09 logger.go:29: INFO: CUSTOM THEME DISABLED
2026/04/09 17:33:29 logger.go:29: INFO: CUSTOM THEME DISABLED
2026/04/09 17:33:41 logger.go:29: INFO: CUSTOM THEME DISABLED
2026/04/09 17:33:57 logger.go:29: INFO: CUSTOM THEME DISABLED
2026/04/09 17:34:24 logger.go:29: INFO: CUSTOM THEME DISABLED
2026/04/09 22:26:23 logger.go:29: INFO: CUSTOM THEME DISABLED
2026/04/09 22:26:47 logger.go:29: INFO: CUSTOM THEME DISABLED
2026/04/09 22:32:17 logger.go:29: INFO: CUSTOM THEME DISABLED
2026/04/09 22:41:13 logger.go:29: INFO: CUSTOM THEME DISABLED
2026/04/09 22:42:42 logger.go:29: INFO: CUSTOM THEME DISABLED
2026/04/09 22:42:48 logger.go:29: INFO: CUSTOM THEME DISABLED
2026/04/09 22:44:17 logger.go:29: INFO: CUSTOM THEME DISABLED
2026/04/09 22:46:34 logger.go:29: INFO: CUSTOM THEME DISABLED
2026/04/09 22:48:50 logger.go:29: INFO: CUSTOM THEME DISABLED
2026/04/09 22:53:50 logger.go:29: INFO: CUSTOM THEME DISABLED
2026/04/09 23:00:19 logger.go:29: INFO: CUSTOM THEME DISABLED
2026/04/09 23:02:44 logger.go:29: INFO: CUSTOM THEME DISABLED
2026/04/09 23:05:17 logger.go:29: INFO: CUSTOM THEME DISABLED
2026/04/09 23:05:17 logger.go:29: INFO: CUSTOM THEME DISABLED
2026/04/09 23:09:03 logger.go:29: INFO: CUSTOM THEME DISABLED
2026/04/09 23:09:52 logger.go:29: INFO: CUSTOM THEME DISABLED
2026/04/09 23:15:39 logger.go:29: INFO: CUSTOM THEME DISABLED
2026/04/09 23:23:44 logger.go:29: INFO: CUSTOM THEME DISABLED
2026/04/09 23:34:19 logger.go:29: INFO: CUSTOM THEME DISABLED
2026/04/09 23:35:30 logger.go:29: INFO: CUSTOM THEME DISABLED
2026/04/09 23:35:41 logger.go:29: INFO: CUSTOM THEME DISABLED
2026/04/09 23:37:24 logger.go:29: INFO: CUSTOM THEME DISABLED
2026/04/09 23:38:34 logger.go:29: INFO: CUSTOM THEME DISABLED
2026/04/09 23:38:43 logger.go:29: INFO: CUSTOM THEME DISABLED
2026/04/09 23:38:52 logger.go:29: INFO: CUSTOM THEME DISABLED
2026/04/09 23:39:12 logger.go:29: INFO: CUSTOM THEME DISABLED
2026/04/09 23:45:27 logger.go:29: INFO: CUSTOM THEME DISABLED
2026/04/09 23:45:27 logger.go:29: INFO: CUSTOM THEME DISABLED
2026/04/09 23:45:27 logger.go:29: INFO: CUSTOM THEME DISABLED
2026/04/09 23:46:19 logger.go:29: INFO: CUSTOM THEME DISABLED
2026/04/09 23:46:48 logger.go:29: INFO: CUSTOM THEME DISABLED
2026/04/09 23:46:52 logger.go:29: INFO: CUSTOM THEME DISABLED
2026/04/09 23:48:01 logger.go:29: INFO: CUSTOM THEME DISABLED
2026/04/09 23:48:25 logger.go:29: INFO: CUSTOM THEME DISABLED
2026/04/09 23:48:46 logger.go:29: INFO: CUSTOM THEME DISABLED
2026/04/09 23:49:07 logger.go:29: INFO: CUSTOM THEME DISABLED
2026/04/09 23:49:28 logger.go:29: INFO: CUSTOM THEME DISABLED
2026/04/09 23:49:54 logger.go:29: INFO: CUSTOM THEME DISABLED
2026/04/09 23:52:31 logger.go:29: INFO: CUSTOM THEME DISABLED
2026/04/09 23:53:00 logger.go:29: INFO: CUSTOM THEME DISABLED
2026/04/09 23:53:02 logger.go:29: INFO: CUSTOM THEME DISABLED
2026/04/09 23:53:05 logger.go:29: INFO: CUSTOM THEME DISABLED
2026/04/09 23:54:56 logger.go:29: INFO: CUSTOM THEME DISABLED
2026/04/09 23:55:28 logger.go:29: INFO: CUSTOM THEME DISABLED
2026/04/09 23:55:53 logger.go:29: INFO: CUSTOM THEME DISABLED
2026/04/09 23:55:53 logger.go:29: INFO: CUSTOM THEME DISABLED
2026/04/09 23:55:53 logger.go:29: INFO: CUSTOM THEME DISABLED
2026/04/09 23:55:54 logger.go:29: INFO: CUSTOM THEME DISABLED
2026/04/09 23:56:11 logger.go:29: INFO: CUSTOM THEME DISABLED
2026/04/09 23:56:18 logger.go:29: INFO: CUSTOM THEME DISABLED
2026/04/09 23:56:18 logger.go:29: INFO: CUSTOM THEME DISABLED
2026/04/09 23:56:24 logger.go:29: INFO: CUSTOM THEME DISABLED
2026/04/09 23:56:35 logger.go:29: INFO: CUSTOM THEME DISABLED
2026/04/09 23:56:35 logger.go:29: INFO: CUSTOM THEME DISABLED
2026/04/09 23:56:41 logger.go:29: INFO: CUSTOM THEME DISABLED
2026/04/09 23:57:32 logger.go:29: INFO: CUSTOM THEME DISABLED
2026/04/09 23:57:32 logger.go:29: INFO: CUSTOM THEME DISABLED
2026/04/09 23:57:32 logger.go:29: INFO: CUSTOM THEME DISABLED
2026/04/09 23:57:43 logger.go:29: INFO: CUSTOM THEME DISABLED
2026/04/09 23:58:04 logger.go:29: INFO: CUSTOM THEME DISABLED
2026/04/09 23:58:13 logger.go:29: INFO: CUSTOM THEME DISABLED
2026/04/09 23:58:13 logger.go:29: INFO: CUSTOM THEME DISABLED
2026/04/09 23:58:52 logger.go:29: INFO: CUSTOM THEME DISABLED
2026/04/09 23:59:00 logger.go:29: INFO: CUSTOM THEME DISABLED
2026/04/10 00:02:23 logger.go:29: INFO: CUSTOM THEME DISABLED
2026/04/10 00:02:23 logger.go:29: INFO: CUSTOM THEME DISABLED
2026/04/10 00:02:35 logger.go:29: INFO: CUSTOM THEME DISABLED
2026/04/10 00:02:35 logger.go:29: INFO: CUSTOM THEME DISABLED
2026/04/10 00:02:41 logger.go:29: INFO: CUSTOM THEME DISABLED
2026/04/10 00:02:54 logger.go:29: INFO: CUSTOM THEME DISABLED
2026/04/10 00:02:55 logger.go:29: INFO: CUSTOM THEME DISABLED
2026/04/10 00:03:09 logger.go:29: INFO: CUSTOM THEME DISABLED
2026/04/10 00:03:19 logger.go:29: INFO: CUSTOM THEME DISABLED
2026/04/10 00:03:26 logger.go:29: INFO: CUSTOM THEME DISABLED
2026/04/10 00:03:28 logger.go:29: INFO: CUSTOM THEME DISABLED
2026/04/10 00:03:34 logger.go:29: INFO: CUSTOM THEME DISABLED
2026/04/10 00:03:36 logger.go:29: INFO: CUSTOM THEME DISABLED
2026/04/10 00:03:39 logger.go:29: INFO: CUSTOM THEME DISABLED
2026/04/10 00:03:41 logger.go:29: INFO: CUSTOM THEME DISABLED
2026/04/10 00:06:52 logger.go:29: INFO: CUSTOM THEME DISABLED
2026/04/10 00:06:52 logger.go:29: INFO: CUSTOM THEME DISABLED
2026/04/10 00:08:18 logger.go:29: INFO: CUSTOM THEME DISABLED
2026/04/10 00:08:18 logger.go:29: INFO: CUSTOM THEME DISABLED
2026/04/10 00:16:42 logger.go:29: INFO: CUSTOM THEME DISABLED
2026/04/10 00:16:42 logger.go:29: INFO: CUSTOM THEME DISABLED
2026/04/10 00:18:29 logger.go:29: INFO: CUSTOM THEME DISABLED
2026/04/10 00:19:42 logger.go:29: INFO: CUSTOM THEME DISABLED
2026/04/10 00:20:56 logger.go:29: INFO: CUSTOM THEME DISABLED
2026/04/10 00:21:52 logger.go:29: INFO: CUSTOM THEME DISABLED
2026/04/10 00:22:13 logger.go:29: INFO: CUSTOM THEME DISABLED
2026/04/10 00:22:13 logger.go:29: INFO: CUSTOM THEME DISABLED
2026/04/10 00:22:28 logger.go:29: INFO: CUSTOM THEME DISABLED
2026/04/10 00:24:20 logger.go:29: INFO: CUSTOM THEME DISABLED
2026/04/10 00:29:18 logger.go:29: INFO: CUSTOM THEME DISABLED
2026/04/10 00:29:18 logger.go:29: INFO: CUSTOM THEME DISABLED
2026/04/10 00:29:18 logger.go:29: INFO: CUSTOM THEME DISABLED
2026/04/10 00:29:18 logger.go:37: WARN: Failed to get active window on Wayland: no suitable tool found (Hyprctl, Wlrctl)
2026/04/10 00:29:18 logger.go:37: WARN: Failed to get active window on Wayland: no suitable tool found (Hyprctl, Wlrctl)
2026/04/10 00:32:36 logger.go:29: INFO: CUSTOM THEME DISABLED
2026/04/10 00:32:40 logger.go:29: INFO: CUSTOM THEME DISABLED
2026/04/10 00:36:53 logger.go:29: INFO: CUSTOM THEME DISABLED
2026/04/10 00:37:06 logger.go:29: INFO: CUSTOM THEME DISABLED
2026/04/10 00:37:29 logger.go:29: INFO: CUSTOM THEME DISABLED
2026/04/10 00:37:42 logger.go:29: INFO: CUSTOM THEME DISABLED
2026/04/10 00:37:50 logger.go:29: INFO: CUSTOM THEME DISABLED
2026/04/10 00:37:50 logger.go:29: INFO: CUSTOM THEME DISABLED
2026/04/10 00:37:58 logger.go:29: INFO: CUSTOM THEME DISABLED
2026/04/10 00:38:03 logger.go:29: INFO: CUSTOM THEME DISABLED
2026/04/10 00:39:31 logger.go:29: INFO: CUSTOM THEME DISABLED
2026/04/10 00:40:07 logger.go:29: INFO: CUSTOM THEME DISABLED
2026/04/10 00:40:18 logger.go:29: INFO: CUSTOM THEME DISABLED
2026/04/10 00:40:26 logger.go:29: INFO: CUSTOM THEME DISABLED
2026/04/10 00:40:35 logger.go:29: INFO: CUSTOM THEME DISABLED
2026/04/10 00:42:11 logger.go:29: INFO: CUSTOM THEME DISABLED
2026/04/10 00:42:24 logger.go:29: INFO: CUSTOM THEME DISABLED
2026/04/10 00:42:32 logger.go:29: INFO: CUSTOM THEME DISABLED
2026/04/10 00:43:10 logger.go:29: INFO: CUSTOM THEME DISABLED
2026/04/10 00:43:10 logger.go:29: INFO: CUSTOM THEME DISABLED
2026/04/10 00:47:14 logger.go:29: INFO: CUSTOM THEME DISABLED
2026/04/10 00:47:24 logger.go:29: INFO: CUSTOM THEME DISABLED
2026/04/10 00:47:47 logger.go:29: INFO: CUSTOM THEME DISABLED
2026/04/10 00:48:00 logger.go:29: INFO: CUSTOM THEME DISABLED
2026/04/10 00:48:24 logger.go:29: INFO: CUSTOM THEME DISABLED
2026/04/10 00:49:10 logger.go:29: INFO: CUSTOM THEME DISABLED
2026/04/10 00:49:48 logger.go:29: INFO: CUSTOM THEME DISABLED
2026/04/10 00:50:04 logger.go:29: INFO: CUSTOM THEME DISABLED
2026/04/10 00:50:11 logger.go:29: INFO: CUSTOM THEME DISABLED
2026/04/10 00:50:20 logger.go:29: INFO: CUSTOM THEME DISABLED
2026/04/10 00:50:38 logger.go:29: INFO: CUSTOM THEME DISABLED
2026/04/10 00:55:35 logger.go:29: INFO: CUSTOM THEME DISABLED
2026/04/10 00:57:46 logger.go:29: INFO: CUSTOM THEME DISABLED
2026/04/10 00:59:04 logger.go:29: INFO: CUSTOM THEME DISABLED
2026/04/10 00:59:51 logger.go:29: INFO: CUSTOM THEME DISABLED
2026/04/10 01:02:51 logger.go:29: INFO: CUSTOM THEME DISABLED
2026/04/10 01:03:49 logger.go:29: INFO: CUSTOM THEME DISABLED
2026/04/10 01:04:49 logger.go:29: INFO: CUSTOM THEME DISABLED
2026/04/10 01:04:49 logger.go:29: INFO: CUSTOM THEME DISABLED
2026/04/10 01:04:49 logger.go:29: INFO: CUSTOM THEME DISABLED
2026/04/10 01:04:49 logger.go:37: WARN: Failed to get active window on Wayland: no suitable tool found (Hyprctl, Wlrctl)
2026/04/10 01:04:49 logger.go:37: WARN: Failed to get active window on Wayland: no suitable tool found (Hyprctl, Wlrctl)
2026/04/10 01:05:17 logger.go:29: INFO: CUSTOM THEME DISABLED
2026/04/10 01:05:18 logger.go:29: INFO: CUSTOM THEME DISABLED
2026/04/10 01:05:33 logger.go:29: INFO: CUSTOM THEME DISABLED
2026/04/10 11:04:32 logger.go:29: INFO: CUSTOM THEME DISABLED
2026/04/10 11:04:32 logger.go:29: INFO: CUSTOM THEME DISABLED
2026/04/10 11:04:32 logger.go:29: INFO: CUSTOM THEME DISABLED
2026/04/10 11:04:32 logger.go:37: WARN: Failed to get active window on Wayland: no suitable tool found (Hyprctl, Wlrctl)
2026/04/10 11:04:32 logger.go:37: WARN: Failed to get active window on Wayland: no suitable tool found (Hyprctl, Wlrctl)
2026/04/10 11:05:21 logger.go:29: INFO: CUSTOM THEME DISABLED
2026/04/10 11:07:45 logger.go:29: INFO: CUSTOM THEME DISABLED
2026/04/10 11:18:24 logger.go:29: INFO: CUSTOM THEME DISABLED
2026/04/10 11:18:34 logger.go:29: INFO: CUSTOM THEME DISABLED
2026/04/10 11:21:30 logger.go:29: INFO: CUSTOM THEME DISABLED
2026/04/10 11:29:06 logger.go:29: INFO: CUSTOM THEME DISABLED
2026/04/10 11:29:06 logger.go:29: INFO: CUSTOM THEME DISABLED
2026/04/10 11:29:27 logger.go:29: INFO: CUSTOM THEME DISABLED
2026/04/10 11:29:27 logger.go:29: INFO: CUSTOM THEME DISABLED
2026/04/10 11:37:30 logger.go:29: INFO: CUSTOM THEME DISABLED
2026/04/10 11:37:35 logger.go:29: INFO: CUSTOM THEME DISABLED
2026/04/10 11:37:48 logger.go:29: INFO: CUSTOM THEME DISABLED
2026/04/10 11:37:50 logger.go:29: INFO: CUSTOM THEME DISABLED
2026/04/10 11:37:56 logger.go:29: INFO: CUSTOM THEME DISABLED
2026/04/10 11:39:02 logger.go:29: INFO: CUSTOM THEME DISABLED
2026/04/10 11:39:53 logger.go:29: INFO: CUSTOM THEME DISABLED
2026/04/10 11:40:33 logger.go:29: INFO: CUSTOM THEME DISABLED
2026/04/10 11:41:45 logger.go:29: INFO: CUSTOM THEME DISABLED
2026/04/10 11:47:44 logger.go:29: INFO: CUSTOM THEME DISABLED
2026/04/10 11:47:50 logger.go:29: INFO: CUSTOM THEME DISABLED
2026/04/10 11:47:57 logger.go:29: INFO: CUSTOM THEME DISABLED
2026/04/10 11:48:51 logger.go:29: INFO: CUSTOM THEME DISABLED
2026/04/10 11:48:51 logger.go:29: INFO: CUSTOM THEME DISABLED
2026/04/10 11:49:40 logger.go:29: INFO: CUSTOM THEME DISABLED
2026/04/10 11:50:45 logger.go:29: INFO: CUSTOM THEME DISABLED
2026/04/10 11:51:07 logger.go:29: INFO: CUSTOM THEME DISABLED
2026/04/10 11:51:11 logger.go:29: INFO: CUSTOM THEME DISABLED
2026/04/10 11:51:16 logger.go:29: INFO: CUSTOM THEME DISABLED
2026/04/10 11:51:25 logger.go:29: INFO: CUSTOM THEME DISABLED
2026/04/10 11:52:48 logger.go:29: INFO: CUSTOM THEME DISABLED
2026/04/10 11:53:09 logger.go:29: INFO: CUSTOM THEME DISABLED
2026/04/10 11:53:17 logger.go:29: INFO: CUSTOM THEME DISABLED
2026/04/10 11:54:01 logger.go:29: INFO: CUSTOM THEME DISABLED
2026/04/10 11:54:10 logger.go:29: INFO: CUSTOM THEME DISABLED
2026/04/10 11:54:19 logger.go:29: INFO: CUSTOM THEME DISABLED
2026/04/10 11:56:37 logger.go:29: INFO: CUSTOM THEME DISABLED
2026/04/10 11:57:11 logger.go:29: INFO: CUSTOM THEME DISABLED
2026/04/10 11:57:16 logger.go:29: INFO: CUSTOM THEME DISABLED
2026/04/10 11:57:24 logger.go:29: INFO: CUSTOM THEME DISABLED
2026/04/10 11:57:29 logger.go:29: INFO: CUSTOM THEME DISABLED
2026/04/10 11:57:32 logger.go:29: INFO: CUSTOM THEME DISABLED
2026/04/10 11:58:12 logger.go:29: INFO: CUSTOM THEME DISABLED
2026/04/10 11:58:19 logger.go:29: INFO: CUSTOM THEME DISABLED
2026/04/10 11:58:36 logger.go:29: INFO: CUSTOM THEME DISABLED
2026/04/10 11:59:42 logger.go:29: INFO: CUSTOM THEME DISABLED
2026/04/10 12:00:04 logger.go:29: INFO: CUSTOM THEME DISABLED
2026/04/10 12:00:33 logger.go:29: INFO: CUSTOM THEME DISABLED
2026/04/10 12:00:50 logger.go:29: INFO: CUSTOM THEME DISABLED
2026/04/10 12:01:26 logger.go:29: INFO: CUSTOM THEME DISABLED
2026/04/10 12:09:55 logger.go:29: INFO: CUSTOM THEME DISABLED
2026/04/10 12:14:39 logger.go:29: INFO: CUSTOM THEME DISABLED
2026/04/10 12:14:39 logger.go:29: INFO: CUSTOM THEME DISABLED
2026/04/10 12:14:58 logger.go:29: INFO: CUSTOM THEME DISABLED
2026/04/10 12:23:18 logger.go:29: INFO: CUSTOM THEME DISABLED
2026/04/10 12:26:12 logger.go:29: INFO: CUSTOM THEME DISABLED
2026/04/10 12:26:21 logger.go:29: INFO: CUSTOM THEME DISABLED
2026/04/10 12:28:41 logger.go:29: INFO: CUSTOM THEME DISABLED
2026/04/10 12:28:53 logger.go:29: INFO: CUSTOM THEME DISABLED
2026/04/10 12:31:33 logger.go:29: INFO: CUSTOM THEME DISABLED
2026/04/10 12:31:38 logger.go:29: INFO: CUSTOM THEME DISABLED
2026/04/10 12:35:42 logger.go:29: INFO: CUSTOM THEME DISABLED
2026/04/10 12:36:05 logger.go:29: INFO: CUSTOM THEME DISABLED
2026/04/10 12:36:10 logger.go:29: INFO: CUSTOM THEME DISABLED
2026/04/10 12:45:12 logger.go:29: INFO: CUSTOM THEME DISABLED
2026/04/10 12:53:15 logger.go:29: INFO: CUSTOM THEME DISABLED
2026/04/10 12:54:06 logger.go:29: INFO: CUSTOM THEME DISABLED
2026/04/10 12:54:13 logger.go:29: INFO: CUSTOM THEME DISABLED
2026/04/10 12:54:15 logger.go:29: INFO: CUSTOM THEME DISABLED
2026/04/10 13:17:17 logger.go:29: INFO: CUSTOM THEME DISABLED
2026/04/10 13:20:18 logger.go:29: INFO: CUSTOM THEME DISABLED
2026/04/10 13:20:18 logger.go:29: INFO: CUSTOM THEME DISABLED
2026/04/10 13:20:18 logger.go:29: INFO: CUSTOM THEME DISABLED
2026/04/10 13:20:18 logger.go:37: WARN: Failed to get active window on Wayland: no suitable tool found (Hyprctl, Wlrctl)
2026/04/10 13:20:18 logger.go:37: WARN: Failed to get active window on Wayland: no suitable tool found (Hyprctl, Wlrctl)
2026/04/10 13:52:25 logger.go:29: INFO: CUSTOM THEME DISABLED
2026/04/10 13:52:55 logger.go:29: INFO: CUSTOM THEME DISABLED
2026/04/10 13:53:44 logger.go:29: INFO: CUSTOM THEME DISABLED
2026/04/10 13:54:03 logger.go:29: INFO: CUSTOM THEME DISABLED
2026/04/10 13:54:09 logger.go:29: INFO: CUSTOM THEME DISABLED
2026/04/10 13:54:23 logger.go:29: INFO: CUSTOM THEME DISABLED
2026/04/10 13:54:29 logger.go:29: INFO: CUSTOM THEME DISABLED
2026/04/10 13:55:20 logger.go:29: INFO: CUSTOM THEME DISABLED
2026/04/10 13:57:19 logger.go:29: INFO: CUSTOM THEME DISABLED
2026/04/10 13:57:31 logger.go:29: INFO: CUSTOM THEME DISABLED
2026/04/10 13:57:53 logger.go:29: INFO: CUSTOM THEME DISABLED
2026/04/10 13:57:59 logger.go:29: INFO: CUSTOM THEME DISABLED
2026/04/10 13:58:55 logger.go:29: INFO: CUSTOM THEME DISABLED
2026/04/10 13:59:25 logger.go:29: INFO: CUSTOM THEME DISABLED
2026/04/10 13:59:56 logger.go:29: INFO: CUSTOM THEME DISABLED
2026/04/10 14:00:03 logger.go:29: INFO: CUSTOM THEME DISABLED
2026/04/10 14:01:00 logger.go:29: INFO: CUSTOM THEME DISABLED
2026/04/10 14:01:29 logger.go:29: INFO: CUSTOM THEME DISABLED
2026/04/10 14:02:17 logger.go:29: INFO: CUSTOM THEME DISABLED
2026/04/10 14:02:22 logger.go:29: INFO: CUSTOM THEME DISABLED
2026/04/10 14:03:06 logger.go:29: INFO: CUSTOM THEME DISABLED
2026/04/10 14:03:10 logger.go:29: INFO: CUSTOM THEME DISABLED
2026/04/10 14:03:28 logger.go:29: INFO: CUSTOM THEME DISABLED
2026/04/10 14:03:37 logger.go:29: INFO: CUSTOM THEME DISABLED
2026/04/10 14:04:20 logger.go:29: INFO: CUSTOM THEME DISABLED
2026/04/10 14:04:55 logger.go:29: INFO: CUSTOM THEME DISABLED
2026/04/10 14:05:16 logger.go:29: INFO: CUSTOM THEME DISABLED
2026/04/10 14:05:40 logger.go:29: INFO: CUSTOM THEME DISABLED
2026/04/10 14:05:50 logger.go:29: INFO: CUSTOM THEME DISABLED
2026/04/10 14:06:18 logger.go:29: INFO: CUSTOM THEME DISABLED
2026/04/10 14:06:21 logger.go:29: INFO: CUSTOM THEME DISABLED
2026/04/10 14:06:24 logger.go:29: INFO: CUSTOM THEME DISABLED
2026/04/10 14:06:29 logger.go:29: INFO: CUSTOM THEME DISABLED
2026/04/10 14:07:52 logger.go:29: INFO: CUSTOM THEME DISABLED
2026/04/10 14:07:52 logger.go:29: INFO: CUSTOM THEME DISABLED
2026/04/10 14:07:52 logger.go:29: INFO: CUSTOM THEME DISABLED
2026/04/10 14:07:52 logger.go:37: WARN: Failed to get active window on Wayland: no suitable tool found (Hyprctl, Wlrctl)
2026/04/10 14:07:52 logger.go:37: WARN: Failed to get active window on Wayland: no suitable tool found (Hyprctl, Wlrctl)
2026/04/10 14:11:08 logger.go:29: INFO: CUSTOM THEME DISABLED
2026/04/10 14:11:14 logger.go:29: INFO: CUSTOM THEME DISABLED
2026/04/10 14:11:39 logger.go:29: INFO: CUSTOM THEME DISABLED
2026/04/10 14:12:01 logger.go:29: INFO: CUSTOM THEME DISABLED
2026/04/10 14:14:12 logger.go:29: INFO: CUSTOM THEME DISABLED
2026/04/10 14:14:20 logger.go:29: INFO: CUSTOM THEME DISABLED
2026/04/10 14:14:20 logger.go:29: INFO: CUSTOM THEME DISABLED
2026/04/10 14:14:20 logger.go:29: INFO: CUSTOM THEME DISABLED
2026/04/10 14:14:20 logger.go:37: WARN: Failed to get active window on Wayland: no suitable tool found (Hyprctl, Wlrctl)
2026/04/10 14:14:20 logger.go:37: WARN: Failed to get active window on Wayland: no suitable tool found (Hyprctl, Wlrctl)
2026/04/10 14:14:36 logger.go:29: INFO: CUSTOM THEME DISABLED
2026/04/10 14:14:39 logger.go:29: INFO: CUSTOM THEME DISABLED
2026/04/10 14:15:03 logger.go:29: INFO: CUSTOM THEME DISABLED
2026/04/10 14:15:18 logger.go:29: INFO: CUSTOM THEME DISABLED
2026/04/10 14:15:25 logger.go:29: INFO: CUSTOM THEME DISABLED
2026/04/10 14:15:25 logger.go:29: INFO: CUSTOM THEME DISABLED
2026/04/10 14:15:25 logger.go:29: INFO: CUSTOM THEME DISABLED
2026/04/10 14:15:25 logger.go:37: WARN: Failed to get active window on Wayland: no suitable tool found (Hyprctl, Wlrctl)
2026/04/10 14:15:25 logger.go:37: WARN: Failed to get active window on Wayland: no suitable tool found (Hyprctl, Wlrctl)
2026/04/10 14:15:44 logger.go:29: INFO: CUSTOM THEME DISABLED
2026/04/10 14:15:44 logger.go:29: INFO: CUSTOM THEME DISABLED
2026/04/10 14:15:53 logger.go:29: INFO: CUSTOM THEME DISABLED
2026/04/10 14:16:02 logger.go:29: INFO: CUSTOM THEME DISABLED
2026/04/10 14:16:14 logger.go:29: INFO: CUSTOM THEME DISABLED
2026/04/10 14:16:20 logger.go:29: INFO: CUSTOM THEME DISABLED
2026/04/10 14:16:28 logger.go:29: INFO: CUSTOM THEME DISABLED
2026/04/10 14:16:28 logger.go:29: INFO: CUSTOM THEME DISABLED
2026/04/10 14:16:28 logger.go:29: INFO: CUSTOM THEME DISABLED
2026/04/10 14:16:28 logger.go:37: WARN: Failed to get active window on Wayland: no suitable tool found (Hyprctl, Wlrctl)
2026/04/10 14:16:28 logger.go:37: WARN: Failed to get active window on Wayland: no suitable tool found (Hyprctl, Wlrctl)
2026/04/10 14:16:35 logger.go:29: INFO: CUSTOM THEME DISABLED
2026/04/10 14:16:38 logger.go:29: INFO: CUSTOM THEME DISABLED
2026/04/10 14:16:46 logger.go:29: INFO: CUSTOM THEME DISABLED
2026/04/10 14:16:59 logger.go:29: INFO: CUSTOM THEME DISABLED
2026/04/10 14:17:56 logger.go:29: INFO: CUSTOM THEME DISABLED
2026/04/10 14:17:56 logger.go:29: INFO: CUSTOM THEME DISABLED
2026/04/10 14:17:56 logger.go:29: INFO: CUSTOM THEME DISABLED
2026/04/10 14:17:56 logger.go:37: WARN: Failed to get active window on Wayland: no suitable tool found (Hyprctl, Wlrctl)
2026/04/10 14:17:56 logger.go:37: WARN: Failed to get active window on Wayland: no suitable tool found (Hyprctl, Wlrctl)
2026/04/10 14:18:10 logger.go:29: INFO: CUSTOM THEME DISABLED
2026/04/10 14:18:17 logger.go:29: INFO: CUSTOM THEME DISABLED
2026/04/10 14:18:26 logger.go:29: INFO: CUSTOM THEME DISABLED
2026/04/10 14:18:33 logger.go:29: INFO: CUSTOM THEME DISABLED
2026/04/10 14:18:39 logger.go:29: INFO: CUSTOM THEME DISABLED
2026/04/10 14:19:12 logger.go:29: INFO: CUSTOM THEME DISABLED
2026/04/10 14:19:56 logger.go:29: INFO: CUSTOM THEME DISABLED
2026/04/10 14:20:21 logger.go:29: INFO: CUSTOM THEME DISABLED
2026/04/10 14:24:19 logger.go:29: INFO: CUSTOM THEME DISABLED
2026/04/10 14:24:36 logger.go:29: INFO: CUSTOM THEME DISABLED
2026/04/10 14:25:07 logger.go:29: INFO: CUSTOM THEME DISABLED
2026/04/10 14:25:21 logger.go:29: INFO: CUSTOM THEME DISABLED
2026/04/10 14:25:29 logger.go:29: INFO: CUSTOM THEME DISABLED
2026/04/10 14:25:30 logger.go:29: INFO: CUSTOM THEME DISABLED
2026/04/10 14:25:31 logger.go:29: INFO: CUSTOM THEME DISABLED
2026/04/10 14:25:33 logger.go:29: INFO: CUSTOM THEME DISABLED
2026/04/10 14:25:33 logger.go:29: INFO: CUSTOM THEME DISABLED
2026/04/10 14:25:35 logger.go:29: INFO: CUSTOM THEME DISABLED
2026/04/10 14:25:43 logger.go:29: INFO: CUSTOM THEME DISABLED
2026/04/10 14:26:08 logger.go:29: INFO: CUSTOM THEME DISABLED
2026/04/10 14:26:35 logger.go:29: INFO: CUSTOM THEME DISABLED
2026/04/10 14:26:45 logger.go:29: INFO: CUSTOM THEME DISABLED
2026/04/10 14:26:50 logger.go:29: INFO: CUSTOM THEME DISABLED
2026/04/10 14:27:03 logger.go:29: INFO: CUSTOM THEME DISABLED
2026/04/10 14:27:09 logger.go:29: INFO: CUSTOM THEME DISABLED
2026/04/10 14:27:14 logger.go:29: INFO: CUSTOM THEME DISABLED
2026/04/10 14:27:17 logger.go:29: INFO: CUSTOM THEME DISABLED
2026/04/10 14:27:27 logger.go:29: INFO: CUSTOM THEME DISABLED
2026/04/10 14:27:36 logger.go:29: INFO: CUSTOM THEME DISABLED
2026/04/10 14:27:47 logger.go:29: INFO: CUSTOM THEME DISABLED
2026/04/10 14:27:51 logger.go:29: INFO: CUSTOM THEME DISABLED
2026/04/10 14:27:53 logger.go:29: INFO: CUSTOM THEME DISABLED
2026/04/10 14:27:58 logger.go:29: INFO: CUSTOM THEME DISABLED
2026/04/10 14:28:09 logger.go:29: INFO: CUSTOM THEME DISABLED
2026/04/10 14:28:14 logger.go:29: INFO: CUSTOM THEME DISABLED
2026/04/10 14:29:15 logger.go:29: INFO: CUSTOM THEME DISABLED
2026/04/10 14:29:18 logger.go:29: INFO: CUSTOM THEME DISABLED
2026/04/10 14:29:24 logger.go:29: INFO: CUSTOM THEME DISABLED
2026/04/10 14:29:27 logger.go:29: INFO: CUSTOM THEME DISABLED
2026/04/10 14:29:34 logger.go:29: INFO: CUSTOM THEME DISABLED
2026/04/10 14:30:13 logger.go:29: INFO: CUSTOM THEME DISABLED
2026/04/10 14:30:15 logger.go:29: INFO: CUSTOM THEME DISABLED
2026/04/10 14:30:20 logger.go:29: INFO: CUSTOM THEME DISABLED
2026/04/10 14:30:42 logger.go:29: INFO: CUSTOM THEME DISABLED
2026/04/10 14:30:42 logger.go:29: INFO: CUSTOM THEME DISABLED
2026/04/10 14:30:58 logger.go:29: INFO: CUSTOM THEME DISABLED
2026/04/10 14:31:06 logger.go:29: INFO: CUSTOM THEME DISABLED
2026/04/10 14:31:06 logger.go:29: INFO: CUSTOM THEME DISABLED
2026/04/10 14:31:57 logger.go:29: INFO: CUSTOM THEME DISABLED
2026/04/10 14:32:13 logger.go:29: INFO: CUSTOM THEME DISABLED
2026/04/10 14:32:40 logger.go:29: INFO: CUSTOM THEME DISABLED
2026/04/10 14:33:43 logger.go:29: INFO: CUSTOM THEME DISABLED
2026/04/10 14:34:17 logger.go:29: INFO: CUSTOM THEME DISABLED
2026/04/10 14:34:57 logger.go:29: INFO: CUSTOM THEME DISABLED
2026/04/10 14:35:06 logger.go:29: INFO: CUSTOM THEME DISABLED
2026/04/10 14:35:13 logger.go:29: INFO: CUSTOM THEME DISABLED
2026/04/10 14:35:19 logger.go:29: INFO: CUSTOM THEME DISABLED
2026/04/10 14:35:19 logger.go:29: INFO: CUSTOM THEME DISABLED
2026/04/10 14:35:19 logger.go:29: INFO: CUSTOM THEME DISABLED
2026/04/10 14:35:19 logger.go:29: INFO: CUSTOM THEME DISABLED
2026/04/10 14:37:49 logger.go:29: INFO: CUSTOM THEME DISABLED
2026/04/10 14:38:00 logger.go:29: INFO: CUSTOM THEME DISABLED
2026/04/10 14:38:07 logger.go:29: INFO: CUSTOM THEME DISABLED
2026/04/10 14:38:18 logger.go:29: INFO: CUSTOM THEME DISABLED
2026/04/10 14:38:52 logger.go:29: INFO: CUSTOM THEME DISABLED
2026/04/10 14:38:55 logger.go:29: INFO: CUSTOM THEME DISABLED
2026/04/10 14:39:00 logger.go:29: INFO: CUSTOM THEME DISABLED
2026/04/10 14:39:00 logger.go:29: INFO: CUSTOM THEME DISABLED
2026/04/10 14:39:07 logger.go:29: INFO: CUSTOM THEME DISABLED
2026/04/10 14:39:21 logger.go:29: INFO: CUSTOM THEME DISABLED
2026/04/10 14:39:24 logger.go:29: INFO: CUSTOM THEME DISABLED
2026/04/10 14:39:30 logger.go:29: INFO: CUSTOM THEME DISABLED
2026/04/10 14:39:37 logger.go:29: INFO: CUSTOM THEME DISABLED
2026/04/10 14:39:41 logger.go:29: INFO: CUSTOM THEME DISABLED
2026/04/10 14:39:47 logger.go:29: INFO: CUSTOM THEME DISABLED
2026/04/10 14:39:54 logger.go:29: INFO: CUSTOM THEME DISABLED
2026/04/10 14:40:10 logger.go:29: INFO: CUSTOM THEME DISABLED
2026/04/10 14:40:14 logger.go:29: INFO: CUSTOM THEME DISABLED
2026/04/10 14:40:20 logger.go:29: INFO: CUSTOM THEME DISABLED
2026/04/10 14:40:51 logger.go:29: INFO: CUSTOM THEME DISABLED
2026/04/10 14:40:55 logger.go:29: INFO: CUSTOM THEME DISABLED
2026/04/10 14:41:28 logger.go:29: INFO: CUSTOM THEME DISABLED
2026/04/10 14:41:28 logger.go:29: INFO: CUSTOM THEME DISABLED
2026/04/10 14:41:51 logger.go:29: INFO: CUSTOM THEME DISABLED
2026/04/10 14:41:54 logger.go:29: INFO: CUSTOM THEME DISABLED
2026/04/10 14:41:58 logger.go:29: INFO: CUSTOM THEME DISABLED
2026/04/10 14:42:27 logger.go:29: INFO: CUSTOM THEME DISABLED
2026/04/10 14:42:33 logger.go:29: INFO: CUSTOM THEME DISABLED
2026/04/10 14:43:15 logger.go:29: INFO: CUSTOM THEME DISABLED
2026/04/10 14:43:21 logger.go:29: INFO: CUSTOM THEME DISABLED
2026/04/10 14:43:38 logger.go:29: INFO: CUSTOM THEME DISABLED
2026/04/10 14:43:46 logger.go:29: INFO: CUSTOM THEME DISABLED
2026/04/10 14:44:08 logger.go:29: INFO: CUSTOM THEME DISABLED
2026/04/10 14:44:16 logger.go:29: INFO: CUSTOM THEME DISABLED
2026/04/10 14:44:41 logger.go:29: INFO: CUSTOM THEME DISABLED
2026/04/10 14:44:45 logger.go:29: INFO: CUSTOM THEME DISABLED
2026/04/10 14:45:19 logger.go:29: INFO: CUSTOM THEME DISABLED
2026/04/10 14:46:39 logger.go:29: INFO: CUSTOM THEME DISABLED
2026/04/10 14:46:45 logger.go:29: INFO: CUSTOM THEME DISABLED
2026/04/10 14:47:24 logger.go:29: INFO: CUSTOM THEME DISABLED
2026/04/10 14:49:05 logger.go:29: INFO: CUSTOM THEME DISABLED
2026/04/10 14:49:10 logger.go:29: INFO: CUSTOM THEME DISABLED
2026/04/10 14:49:16 logger.go:29: INFO: CUSTOM THEME DISABLED
2026/04/10 14:51:20 logger.go:29: INFO: CUSTOM THEME DISABLED
2026/04/10 14:51:34 logger.go:29: INFO: CUSTOM THEME DISABLED
2026/04/10 14:52:30 logger.go:29: INFO: CUSTOM THEME DISABLED
2026/04/10 14:52:51 logger.go:29: INFO: CUSTOM THEME DISABLED
2026/04/10 14:53:08 logger.go:29: INFO: CUSTOM THEME DISABLED
2026/04/10 14:53:26 logger.go:29: INFO: CUSTOM THEME DISABLED
2026/04/10 14:53:28 logger.go:29: INFO: CUSTOM THEME DISABLED
2026/04/10 14:53:30 logger.go:29: INFO: CUSTOM THEME DISABLED
2026/04/10 14:53:35 logger.go:29: INFO: CUSTOM THEME DISABLED
2026/04/10 14:54:40 logger.go:29: INFO: CUSTOM THEME DISABLED
2026/04/10 14:55:07 logger.go:29: INFO: CUSTOM THEME DISABLED
2026/04/10 14:55:13 logger.go:29: INFO: CUSTOM THEME DISABLED
2026/04/10 14:55:17 logger.go:29: INFO: CUSTOM THEME DISABLED
2026/04/10 14:55:24 logger.go:29: INFO: CUSTOM THEME DISABLED
2026/04/10 14:55:57 logger.go:29: INFO: CUSTOM THEME DISABLED
2026/04/10 14:56:13 logger.go:29: INFO: CUSTOM THEME DISABLED
2026/04/10 14:56:29 logger.go:29: INFO: CUSTOM THEME DISABLED
2026/04/10 14:56:38 logger.go:29: INFO: CUSTOM THEME DISABLED
2026/04/10 14:57:47 logger.go:29: INFO: CUSTOM THEME DISABLED
2026/04/10 14:57:51 logger.go:29: INFO: CUSTOM THEME DISABLED
2026/04/10 14:58:01 logger.go:29: INFO: CUSTOM THEME DISABLED
2026/04/10 14:58:10 logger.go:29: INFO: CUSTOM THEME DISABLED
2026/04/10 14:58:14 logger.go:29: INFO: CUSTOM THEME DISABLED
2026/04/10 14:58:27 logger.go:29: INFO: CUSTOM THEME DISABLED
2026/04/10 14:58:57 logger.go:29: INFO: CUSTOM THEME DISABLED
2026/04/10 14:59:01 logger.go:29: INFO: CUSTOM THEME DISABLED
2026/04/10 14:59:20 logger.go:29: INFO: CUSTOM THEME DISABLED
2026/04/10 14:59:39 logger.go:29: INFO: CUSTOM THEME DISABLED
2026/04/10 14:59:49 logger.go:29: INFO: CUSTOM THEME DISABLED
2026/04/10 14:59:55 logger.go:29: INFO: CUSTOM THEME DISABLED
2026/04/10 15:00:17 logger.go:29: INFO: CUSTOM THEME DISABLED
2026/04/10 15:00:42 logger.go:29: INFO: CUSTOM THEME DISABLED
2026/04/10 15:00:51 logger.go:29: INFO: CUSTOM THEME DISABLED
2026/04/10 15:00:59 logger.go:29: INFO: CUSTOM THEME DISABLED
2026/04/10 15:01:34 logger.go:29: INFO: CUSTOM THEME DISABLED
2026/04/10 15:01:38 logger.go:29: INFO: CUSTOM THEME DISABLED
2026/04/10 15:01:45 logger.go:29: INFO: CUSTOM THEME DISABLED
2026/04/10 15:02:05 logger.go:29: INFO: CUSTOM THEME DISABLED
2026/04/10 15:02:15 logger.go:29: INFO: CUSTOM THEME DISABLED
2026/04/10 15:03:15 logger.go:29: INFO: CUSTOM THEME DISABLED
2026/04/10 15:03:19 logger.go:29: INFO: CUSTOM THEME DISABLED
2026/04/10 15:05:22 logger.go:29: INFO: CUSTOM THEME DISABLED
2026/04/10 15:05:28 logger.go:29: INFO: CUSTOM THEME DISABLED
2026/04/10 15:05:34 logger.go:29: INFO: CUSTOM THEME DISABLED
2026/04/10 15:05:50 logger.go:29: INFO: CUSTOM THEME DISABLED
2026/04/10 15:07:04 logger.go:29: INFO: CUSTOM THEME DISABLED
2026/04/10 15:07:23 logger.go:29: INFO: CUSTOM THEME DISABLED
2026/04/10 15:08:59 logger.go:29: INFO: CUSTOM THEME DISABLED
2026/04/10 15:09:06 logger.go:29: INFO: CUSTOM THEME DISABLED
2026/04/10 15:11:09 logger.go:29: INFO: CUSTOM THEME DISABLED
2026/04/10 15:11:12 logger.go:29: INFO: CUSTOM THEME DISABLED
2026/04/10 15:11:18 logger.go:29: INFO: CUSTOM THEME DISABLED
2026/04/10 15:11:21 logger.go:29: INFO: CUSTOM THEME DISABLED
2026/04/10 15:11:28 logger.go:29: INFO: CUSTOM THEME DISABLED
2026/04/10 15:12:00 logger.go:29: INFO: CUSTOM THEME DISABLED
2026/04/10 15:12:06 logger.go:29: INFO: CUSTOM THEME DISABLED
2026/04/10 15:12:19 logger.go:29: INFO: CUSTOM THEME DISABLED
2026/04/10 15:12:26 logger.go:29: INFO: CUSTOM THEME DISABLED
2026/04/10 15:12:42 logger.go:29: INFO: CUSTOM THEME DISABLED
2026/04/10 15:12:51 logger.go:29: INFO: CUSTOM THEME DISABLED
2026/04/10 15:12:55 logger.go:29: INFO: CUSTOM THEME DISABLED
2026/04/10 15:12:59 logger.go:29: INFO: CUSTOM THEME DISABLED
2026/04/10 15:13:10 logger.go:29: INFO: CUSTOM THEME DISABLED
2026/04/10 15:13:15 logger.go:29: INFO: CUSTOM THEME DISABLED
2026/04/10 15:13:28 logger.go:29: INFO: CUSTOM THEME DISABLED
2026/04/10 15:13:59 logger.go:29: INFO: CUSTOM THEME DISABLED
2026/04/10 15:14:14 logger.go:29: INFO: CUSTOM THEME DISABLED
2026/04/10 15:14:42 logger.go:29: INFO: CUSTOM THEME DISABLED
2026/04/10 15:14:48 logger.go:29: INFO: CUSTOM THEME DISABLED
2026/04/10 15:15:12 logger.go:29: INFO: CUSTOM THEME DISABLED
2026/04/10 15:15:16 logger.go:29: INFO: CUSTOM THEME DISABLED
2026/04/10 15:15:25 logger.go:29: INFO: CUSTOM THEME DISABLED
2026/04/10 15:15:27 logger.go:29: INFO: CUSTOM THEME DISABLED
2026/04/10 15:15:32 logger.go:29: INFO: CUSTOM THEME DISABLED
2026/04/10 15:15:53 logger.go:29: INFO: CUSTOM THEME DISABLED
2026/04/10 15:15:53 logger.go:29: INFO: CUSTOM THEME DISABLED
2026/04/10 15:16:29 logger.go:29: INFO: CUSTOM THEME DISABLED
2026/04/10 15:19:01 logger.go:29: INFO: CUSTOM THEME DISABLED
2026/04/10 16:04:32 logger.go:29: INFO: CUSTOM THEME DISABLED
2026/04/10 16:04:36 logger.go:29: INFO: CUSTOM THEME DISABLED
2026/04/10 16:04:41 logger.go:29: INFO: CUSTOM THEME DISABLED
2026/04/10 16:04:45 logger.go:29: INFO: CUSTOM THEME DISABLED
2026/04/10 16:04:52 logger.go:29: INFO: CUSTOM THEME DISABLED
2026/04/10 16:05:53 logger.go:29: INFO: CUSTOM THEME DISABLED
2026/04/10 16:05:54 logger.go:29: INFO: CUSTOM THEME DISABLED
2026/04/10 16:06:02 logger.go:29: INFO: CUSTOM THEME DISABLED
2026/04/10 16:06:10 logger.go:29: INFO: CUSTOM THEME DISABLED
2026/04/10 16:06:14 logger.go:29: INFO: CUSTOM THEME DISABLED
2026/04/10 16:06:22 logger.go:29: INFO: CUSTOM THEME DISABLED
2026/04/10 16:06:26 logger.go:29: INFO: CUSTOM THEME DISABLED
2026/04/10 16:06:27 logger.go:29: INFO: CUSTOM THEME DISABLED
2026/04/10 16:06:32 logger.go:29: INFO: CUSTOM THEME DISABLED
2026/04/10 16:12:36 logger.go:29: INFO: CUSTOM THEME DISABLED
2026/04/10 17:33:44 logger.go:29: INFO: CUSTOM THEME DISABLED
2026/04/10 17:33:45 logger.go:29: INFO: CUSTOM THEME DISABLED
2026/04/10 22:19:00 logger.go:29: INFO: CUSTOM THEME DISABLED
2026/04/10 22:19:13 logger.go:29: INFO: CUSTOM THEME DISABLED
2026/04/10 22:27:29 logger.go:29: INFO: CUSTOM THEME DISABLED
2026/04/10 22:31:06 logger.go:29: INFO: CUSTOM THEME DISABLED
2026/04/10 22:31:49 logger.go:29: INFO: CUSTOM THEME DISABLED
2026/04/10 22:32:26 logger.go:29: INFO: CUSTOM THEME DISABLED
2026/04/10 22:37:25 logger.go:29: INFO: CUSTOM THEME DISABLED
2026/04/10 22:38:57 logger.go:29: INFO: CUSTOM THEME DISABLED
2026/04/10 22:39:46 logger.go:29: INFO: CUSTOM THEME DISABLED
2026/04/10 22:39:49 logger.go:29: INFO: CUSTOM THEME DISABLED
2026/04/10 22:42:06 logger.go:29: INFO: CUSTOM THEME DISABLED
2026/04/10 22:42:09 logger.go:29: INFO: CUSTOM THEME DISABLED
2026/04/10 22:48:43 logger.go:29: INFO: CUSTOM THEME DISABLED
2026/04/10 23:04:40 logger.go:29: INFO: CUSTOM THEME DISABLED
2026/04/10 23:04:42 logger.go:29: INFO: CUSTOM THEME DISABLED
2026/04/10 23:04:58 logger.go:29: INFO: CUSTOM THEME DISABLED
2026/04/10 23:05:16 logger.go:29: INFO: CUSTOM THEME DISABLED
2026/04/10 23:06:30 logger.go:29: INFO: CUSTOM THEME DISABLED
2026/04/10 23:06:45 logger.go:29: INFO: CUSTOM THEME DISABLED
2026/04/10 23:11:28 logger.go:29: INFO: CUSTOM THEME DISABLED
2026/04/10 23:13:25 logger.go:29: INFO: CUSTOM THEME DISABLED
2026/04/10 23:14:11 logger.go:29: INFO: CUSTOM THEME DISABLED
2026/04/10 23:16:18 logger.go:29: INFO: CUSTOM THEME DISABLED
2026/04/10 23:17:34 logger.go:29: INFO: CUSTOM THEME DISABLED
2026/04/10 23:18:19 logger.go:29: INFO: CUSTOM THEME DISABLED
2026/04/10 23:18:43 logger.go:29: INFO: CUSTOM THEME DISABLED
2026/04/10 23:20:10 logger.go:29: INFO: CUSTOM THEME DISABLED
2026/04/10 23:21:51 logger.go:29: INFO: CUSTOM THEME DISABLED
2026/04/10 23:22:01 logger.go:29: INFO: CUSTOM THEME DISABLED
2026/04/10 23:22:03 logger.go:29: INFO: CUSTOM THEME DISABLED
